"game_id","season","week","game_date","home_team","away_team","home_score","away_score","winner","win_location"
"2020_01_ARI_SF",2020,1,"2020-09-13","SF","ARI",20,24,"ARI","away"
"2020_01_CHI_DET",2020,1,"2020-09-13","DET","CHI",23,27,"CHI","away"
"2020_01_CLE_BAL",2020,1,"2020-09-13","BAL","CLE",38,6,"BAL","home"
"2020_01_DAL_LA",2020,1,"2020-09-13","LA","DAL",20,17,"LA","home"
"2020_01_GB_MIN",2020,1,"2020-09-13","MIN","GB",34,43,"GB","away"
"2020_01_HOU_KC",2020,1,"2020-09-10","KC","HOU",34,20,"KC","home"
"2020_01_IND_JAX",2020,1,"2020-09-13","JAX","IND",27,20,"JAX","home"
"2020_01_LAC_CIN",2020,1,"2020-09-13","CIN","LAC",13,16,"LAC","away"
"2020_01_LV_CAR",2020,1,"2020-09-13","CAR","LV",30,34,"LV","away"
"2020_01_MIA_NE",2020,1,"2020-09-13","NE","MIA",21,11,"NE","home"
"2020_01_NYJ_BUF",2020,1,"2020-09-13","BUF","NYJ",27,17,"BUF","home"
"2020_01_PHI_WAS",2020,1,"2020-09-13","WAS","PHI",27,17,"WAS","home"
"2020_01_PIT_NYG",2020,1,"2020-09-14","NYG","PIT",16,26,"PIT","away"
"2020_01_SEA_ATL",2020,1,"2020-09-13","ATL","SEA",25,38,"SEA","away"
"2020_01_TB_NO",2020,1,"2020-09-13","NO","TB",34,23,"NO","home"
"2020_01_TEN_DEN",2020,1,"2020-09-14","DEN","TEN",14,16,"TEN","away"
"2020_02_ATL_DAL",2020,2,"2020-09-20","DAL","ATL",40,39,"DAL","home"
"2020_02_BAL_HOU",2020,2,"2020-09-20","HOU","BAL",16,33,"BAL","away"
"2020_02_BUF_MIA",2020,2,"2020-09-20","MIA","BUF",28,31,"BUF","away"
"2020_02_CAR_TB",2020,2,"2020-09-20","TB","CAR",31,17,"TB","home"
"2020_02_CIN_CLE",2020,2,"2020-09-17","CLE","CIN",35,30,"CLE","home"
"2020_02_DEN_PIT",2020,2,"2020-09-20","PIT","DEN",26,21,"PIT","home"
"2020_02_DET_GB",2020,2,"2020-09-20","GB","DET",42,21,"GB","home"
"2020_02_JAX_TEN",2020,2,"2020-09-20","TEN","JAX",33,30,"TEN","home"
"2020_02_KC_LAC",2020,2,"2020-09-20","LAC","KC",20,23,"KC","away"
"2020_02_LA_PHI",2020,2,"2020-09-20","PHI","LA",19,37,"LA","away"
"2020_02_MIN_IND",2020,2,"2020-09-20","IND","MIN",28,11,"IND","home"
"2020_02_NE_SEA",2020,2,"2020-09-20","SEA","NE",35,30,"SEA","home"
"2020_02_NO_LV",2020,2,"2020-09-21","LV","NO",34,24,"LV","home"
"2020_02_NYG_CHI",2020,2,"2020-09-20","CHI","NYG",17,13,"CHI","home"
"2020_02_SF_NYJ",2020,2,"2020-09-20","NYJ","SF",13,31,"SF","away"
"2020_02_WAS_ARI",2020,2,"2020-09-20","ARI","WAS",30,15,"ARI","home"
"2020_03_CAR_LAC",2020,3,"2020-09-27","LAC","CAR",16,21,"CAR","away"
"2020_03_CHI_ATL",2020,3,"2020-09-27","ATL","CHI",26,30,"CHI","away"
"2020_03_CIN_PHI",2020,3,"2020-09-27","PHI","CIN",23,23,"tie","tie"
"2020_03_DAL_SEA",2020,3,"2020-09-27","SEA","DAL",38,31,"SEA","home"
"2020_03_DET_ARI",2020,3,"2020-09-27","ARI","DET",23,26,"DET","away"
"2020_03_GB_NO",2020,3,"2020-09-27","NO","GB",30,37,"GB","away"
"2020_03_HOU_PIT",2020,3,"2020-09-27","PIT","HOU",28,21,"PIT","home"
"2020_03_KC_BAL",2020,3,"2020-09-28","BAL","KC",20,34,"KC","away"
"2020_03_LA_BUF",2020,3,"2020-09-27","BUF","LA",35,32,"BUF","home"
"2020_03_LV_NE",2020,3,"2020-09-27","NE","LV",36,20,"NE","home"
"2020_03_MIA_JAX",2020,3,"2020-09-24","JAX","MIA",13,31,"MIA","away"
"2020_03_NYJ_IND",2020,3,"2020-09-27","IND","NYJ",36,7,"IND","home"
"2020_03_SF_NYG",2020,3,"2020-09-27","NYG","SF",9,36,"SF","away"
"2020_03_TB_DEN",2020,3,"2020-09-27","DEN","TB",10,28,"TB","away"
"2020_03_TEN_MIN",2020,3,"2020-09-27","MIN","TEN",30,31,"TEN","away"
"2020_03_WAS_CLE",2020,3,"2020-09-27","CLE","WAS",34,20,"CLE","home"
"2020_04_ARI_CAR",2020,4,"2020-10-04","CAR","ARI",31,21,"CAR","home"
"2020_04_ATL_GB",2020,4,"2020-10-05","GB","ATL",30,16,"GB","home"
"2020_04_BAL_WAS",2020,4,"2020-10-04","WAS","BAL",17,31,"BAL","away"
"2020_04_BUF_LV",2020,4,"2020-10-04","LV","BUF",23,30,"BUF","away"
"2020_04_CLE_DAL",2020,4,"2020-10-04","DAL","CLE",38,49,"CLE","away"
"2020_04_DEN_NYJ",2020,4,"2020-10-01","NYJ","DEN",28,37,"DEN","away"
"2020_04_IND_CHI",2020,4,"2020-10-04","CHI","IND",11,19,"IND","away"
"2020_04_JAX_CIN",2020,4,"2020-10-04","CIN","JAX",33,25,"CIN","home"
"2020_04_LAC_TB",2020,4,"2020-10-04","TB","LAC",38,31,"TB","home"
"2020_04_MIN_HOU",2020,4,"2020-10-04","HOU","MIN",23,31,"MIN","away"
"2020_04_NE_KC",2020,4,"2020-10-05","KC","NE",26,10,"KC","home"
"2020_04_NO_DET",2020,4,"2020-10-04","DET","NO",29,35,"NO","away"
"2020_04_NYG_LA",2020,4,"2020-10-04","LA","NYG",17,9,"LA","home"
"2020_04_PHI_SF",2020,4,"2020-10-04","SF","PHI",20,25,"PHI","away"
"2020_04_SEA_MIA",2020,4,"2020-10-04","MIA","SEA",23,31,"SEA","away"
"2020_05_ARI_NYJ",2020,5,"2020-10-11","NYJ","ARI",10,30,"ARI","away"
"2020_05_BUF_TEN",2020,5,"2020-10-13","TEN","BUF",42,16,"TEN","home"
"2020_05_CAR_ATL",2020,5,"2020-10-11","ATL","CAR",16,23,"CAR","away"
"2020_05_CIN_BAL",2020,5,"2020-10-11","BAL","CIN",27,3,"BAL","home"
"2020_05_IND_CLE",2020,5,"2020-10-11","CLE","IND",32,23,"CLE","home"
"2020_05_JAX_HOU",2020,5,"2020-10-11","HOU","JAX",30,14,"HOU","home"
"2020_05_LAC_NO",2020,5,"2020-10-12","NO","LAC",30,27,"NO","home"
"2020_05_LA_WAS",2020,5,"2020-10-11","WAS","LA",10,30,"LA","away"
"2020_05_LV_KC",2020,5,"2020-10-11","KC","LV",32,40,"LV","away"
"2020_05_MIA_SF",2020,5,"2020-10-11","SF","MIA",17,43,"MIA","away"
"2020_05_MIN_SEA",2020,5,"2020-10-11","SEA","MIN",27,26,"SEA","home"
"2020_05_NYG_DAL",2020,5,"2020-10-11","DAL","NYG",37,34,"DAL","home"
"2020_05_PHI_PIT",2020,5,"2020-10-11","PIT","PHI",38,29,"PIT","home"
"2020_05_TB_CHI",2020,5,"2020-10-08","CHI","TB",20,19,"CHI","home"
"2020_06_ARI_DAL",2020,6,"2020-10-19","DAL","ARI",10,38,"ARI","away"
"2020_06_ATL_MIN",2020,6,"2020-10-18","MIN","ATL",23,40,"ATL","away"
"2020_06_BAL_PHI",2020,6,"2020-10-18","PHI","BAL",28,30,"BAL","away"
"2020_06_CHI_CAR",2020,6,"2020-10-18","CAR","CHI",16,23,"CHI","away"
"2020_06_CIN_IND",2020,6,"2020-10-18","IND","CIN",31,27,"IND","home"
"2020_06_CLE_PIT",2020,6,"2020-10-18","PIT","CLE",38,7,"PIT","home"
"2020_06_DEN_NE",2020,6,"2020-10-18","NE","DEN",12,18,"DEN","away"
"2020_06_DET_JAX",2020,6,"2020-10-18","JAX","DET",16,34,"DET","away"
"2020_06_GB_TB",2020,6,"2020-10-18","TB","GB",38,10,"TB","home"
"2020_06_HOU_TEN",2020,6,"2020-10-18","TEN","HOU",42,36,"TEN","home"
"2020_06_KC_BUF",2020,6,"2020-10-19","BUF","KC",17,26,"KC","away"
"2020_06_LA_SF",2020,6,"2020-10-18","SF","LA",24,16,"SF","home"
"2020_06_NYJ_MIA",2020,6,"2020-10-18","MIA","NYJ",24,0,"MIA","home"
"2020_06_WAS_NYG",2020,6,"2020-10-18","NYG","WAS",20,19,"NYG","home"
"2020_07_BUF_NYJ",2020,7,"2020-10-25","NYJ","BUF",10,18,"BUF","away"
"2020_07_CAR_NO",2020,7,"2020-10-25","NO","CAR",27,24,"NO","home"
"2020_07_CHI_LA",2020,7,"2020-10-26","LA","CHI",24,10,"LA","home"
"2020_07_CLE_CIN",2020,7,"2020-10-25","CIN","CLE",34,37,"CLE","away"
"2020_07_DAL_WAS",2020,7,"2020-10-25","WAS","DAL",25,3,"WAS","home"
"2020_07_DET_ATL",2020,7,"2020-10-25","ATL","DET",22,23,"DET","away"
"2020_07_GB_HOU",2020,7,"2020-10-25","HOU","GB",20,35,"GB","away"
"2020_07_JAX_LAC",2020,7,"2020-10-25","LAC","JAX",39,29,"LAC","home"
"2020_07_KC_DEN",2020,7,"2020-10-25","DEN","KC",16,43,"KC","away"
"2020_07_NYG_PHI",2020,7,"2020-10-22","PHI","NYG",22,21,"PHI","home"
"2020_07_PIT_TEN",2020,7,"2020-10-25","TEN","PIT",24,27,"PIT","away"
"2020_07_SEA_ARI",2020,7,"2020-10-25","ARI","SEA",37,34,"ARI","home"
"2020_07_SF_NE",2020,7,"2020-10-25","NE","SF",6,33,"SF","away"
"2020_07_TB_LV",2020,7,"2020-10-25","LV","TB",20,45,"TB","away"
"2020_08_ATL_CAR",2020,8,"2020-10-29","CAR","ATL",17,25,"ATL","away"
"2020_08_DAL_PHI",2020,8,"2020-11-01","PHI","DAL",23,9,"PHI","home"
"2020_08_IND_DET",2020,8,"2020-11-01","DET","IND",21,41,"IND","away"
"2020_08_LAC_DEN",2020,8,"2020-11-01","DEN","LAC",31,30,"DEN","home"
"2020_08_LA_MIA",2020,8,"2020-11-01","MIA","LA",28,17,"MIA","home"
"2020_08_LV_CLE",2020,8,"2020-11-01","CLE","LV",6,16,"LV","away"
"2020_08_MIN_GB",2020,8,"2020-11-01","GB","MIN",22,28,"MIN","away"
"2020_08_NE_BUF",2020,8,"2020-11-01","BUF","NE",24,21,"BUF","home"
"2020_08_NO_CHI",2020,8,"2020-11-01","CHI","NO",23,26,"NO","away"
"2020_08_NYJ_KC",2020,8,"2020-11-01","KC","NYJ",35,9,"KC","home"
"2020_08_PIT_BAL",2020,8,"2020-11-01","BAL","PIT",24,28,"PIT","away"
"2020_08_SF_SEA",2020,8,"2020-11-01","SEA","SF",37,27,"SEA","home"
"2020_08_TB_NYG",2020,8,"2020-11-02","NYG","TB",23,25,"TB","away"
"2020_08_TEN_CIN",2020,8,"2020-11-01","CIN","TEN",31,20,"CIN","home"
"2020_09_BAL_IND",2020,9,"2020-11-08","IND","BAL",10,24,"BAL","away"
"2020_09_CAR_KC",2020,9,"2020-11-08","KC","CAR",33,31,"KC","home"
"2020_09_CHI_TEN",2020,9,"2020-11-08","TEN","CHI",24,17,"TEN","home"
"2020_09_DEN_ATL",2020,9,"2020-11-08","ATL","DEN",34,27,"ATL","home"
"2020_09_DET_MIN",2020,9,"2020-11-08","MIN","DET",34,20,"MIN","home"
"2020_09_GB_SF",2020,9,"2020-11-05","SF","GB",17,34,"GB","away"
"2020_09_HOU_JAX",2020,9,"2020-11-08","JAX","HOU",25,27,"HOU","away"
"2020_09_LV_LAC",2020,9,"2020-11-08","LAC","LV",26,31,"LV","away"
"2020_09_MIA_ARI",2020,9,"2020-11-08","ARI","MIA",31,34,"MIA","away"
"2020_09_NE_NYJ",2020,9,"2020-11-09","NYJ","NE",27,30,"NE","away"
"2020_09_NO_TB",2020,9,"2020-11-08","TB","NO",3,38,"NO","away"
"2020_09_NYG_WAS",2020,9,"2020-11-08","WAS","NYG",20,23,"NYG","away"
"2020_09_PIT_DAL",2020,9,"2020-11-08","DAL","PIT",19,24,"PIT","away"
"2020_09_SEA_BUF",2020,9,"2020-11-08","BUF","SEA",44,34,"BUF","home"
"2020_10_BAL_NE",2020,10,"2020-11-15","NE","BAL",23,17,"NE","home"
"2020_10_BUF_ARI",2020,10,"2020-11-15","ARI","BUF",32,30,"ARI","home"
"2020_10_CIN_PIT",2020,10,"2020-11-15","PIT","CIN",36,10,"PIT","home"
"2020_10_DEN_LV",2020,10,"2020-11-15","LV","DEN",37,12,"LV","home"
"2020_10_HOU_CLE",2020,10,"2020-11-15","CLE","HOU",10,7,"CLE","home"
"2020_10_IND_TEN",2020,10,"2020-11-12","TEN","IND",17,34,"IND","away"
"2020_10_JAX_GB",2020,10,"2020-11-15","GB","JAX",24,20,"GB","home"
"2020_10_LAC_MIA",2020,10,"2020-11-15","MIA","LAC",29,21,"MIA","home"
"2020_10_MIN_CHI",2020,10,"2020-11-16","CHI","MIN",13,19,"MIN","away"
"2020_10_PHI_NYG",2020,10,"2020-11-15","NYG","PHI",27,17,"NYG","home"
"2020_10_SEA_LA",2020,10,"2020-11-15","LA","SEA",23,16,"LA","home"
"2020_10_SF_NO",2020,10,"2020-11-15","NO","SF",27,13,"NO","home"
"2020_10_TB_CAR",2020,10,"2020-11-15","CAR","TB",23,46,"TB","away"
"2020_10_WAS_DET",2020,10,"2020-11-15","DET","WAS",30,27,"DET","home"
"2020_11_ARI_SEA",2020,11,"2020-11-19","SEA","ARI",28,21,"SEA","home"
"2020_11_ATL_NO",2020,11,"2020-11-22","NO","ATL",24,9,"NO","home"
"2020_11_CIN_WAS",2020,11,"2020-11-22","WAS","CIN",20,9,"WAS","home"
"2020_11_DAL_MIN",2020,11,"2020-11-22","MIN","DAL",28,31,"DAL","away"
"2020_11_DET_CAR",2020,11,"2020-11-22","CAR","DET",20,0,"CAR","home"
"2020_11_GB_IND",2020,11,"2020-11-22","IND","GB",34,31,"IND","home"
"2020_11_KC_LV",2020,11,"2020-11-22","LV","KC",31,35,"KC","away"
"2020_11_LA_TB",2020,11,"2020-11-23","TB","LA",24,27,"LA","away"
"2020_11_MIA_DEN",2020,11,"2020-11-22","DEN","MIA",20,13,"DEN","home"
"2020_11_NE_HOU",2020,11,"2020-11-22","HOU","NE",27,20,"HOU","home"
"2020_11_NYJ_LAC",2020,11,"2020-11-22","LAC","NYJ",34,28,"LAC","home"
"2020_11_PHI_CLE",2020,11,"2020-11-22","CLE","PHI",22,17,"CLE","home"
"2020_11_PIT_JAX",2020,11,"2020-11-22","JAX","PIT",3,27,"PIT","away"
"2020_11_TEN_BAL",2020,11,"2020-11-22","BAL","TEN",24,30,"TEN","away"
"2020_12_ARI_NE",2020,12,"2020-11-29","NE","ARI",20,17,"NE","home"
"2020_12_BAL_PIT",2020,12,"2020-12-02","PIT","BAL",19,14,"PIT","home"
"2020_12_CAR_MIN",2020,12,"2020-11-29","MIN","CAR",28,27,"MIN","home"
"2020_12_CHI_GB",2020,12,"2020-11-29","GB","CHI",41,25,"GB","home"
"2020_12_CLE_JAX",2020,12,"2020-11-29","JAX","CLE",25,27,"CLE","away"
"2020_12_HOU_DET",2020,12,"2020-11-26","DET","HOU",25,41,"HOU","away"
"2020_12_KC_TB",2020,12,"2020-11-29","TB","KC",24,27,"KC","away"
"2020_12_LAC_BUF",2020,12,"2020-11-29","BUF","LAC",27,17,"BUF","home"
"2020_12_LV_ATL",2020,12,"2020-11-29","ATL","LV",43,6,"ATL","home"
"2020_12_MIA_NYJ",2020,12,"2020-11-29","NYJ","MIA",3,20,"MIA","away"
"2020_12_NO_DEN",2020,12,"2020-11-29","DEN","NO",3,31,"NO","away"
"2020_12_NYG_CIN",2020,12,"2020-11-29","CIN","NYG",17,19,"NYG","away"
"2020_12_SEA_PHI",2020,12,"2020-11-30","PHI","SEA",17,23,"SEA","away"
"2020_12_SF_LA",2020,12,"2020-11-29","LA","SF",20,23,"SF","away"
"2020_12_TEN_IND",2020,12,"2020-11-29","IND","TEN",26,45,"TEN","away"
"2020_12_WAS_DAL",2020,12,"2020-11-26","DAL","WAS",16,41,"WAS","away"
"2020_13_BUF_SF",2020,13,"2020-12-07","SF","BUF",24,34,"BUF","away"
"2020_13_CIN_MIA",2020,13,"2020-12-06","MIA","CIN",19,7,"MIA","home"
"2020_13_CLE_TEN",2020,13,"2020-12-06","TEN","CLE",35,41,"CLE","away"
"2020_13_DAL_BAL",2020,13,"2020-12-08","BAL","DAL",34,17,"BAL","home"
"2020_13_DEN_KC",2020,13,"2020-12-06","KC","DEN",22,16,"KC","home"
"2020_13_DET_CHI",2020,13,"2020-12-06","CHI","DET",30,34,"DET","away"
"2020_13_IND_HOU",2020,13,"2020-12-06","HOU","IND",20,26,"IND","away"
"2020_13_JAX_MIN",2020,13,"2020-12-06","MIN","JAX",27,24,"MIN","home"
"2020_13_LA_ARI",2020,13,"2020-12-06","ARI","LA",28,38,"LA","away"
"2020_13_LV_NYJ",2020,13,"2020-12-06","NYJ","LV",28,31,"LV","away"
"2020_13_NE_LAC",2020,13,"2020-12-06","LAC","NE",0,45,"NE","away"
"2020_13_NO_ATL",2020,13,"2020-12-06","ATL","NO",16,21,"NO","away"
"2020_13_NYG_SEA",2020,13,"2020-12-06","SEA","NYG",12,17,"NYG","away"
"2020_13_PHI_GB",2020,13,"2020-12-06","GB","PHI",30,16,"GB","home"
"2020_13_WAS_PIT",2020,13,"2020-12-07","PIT","WAS",17,23,"WAS","away"
"2020_14_ARI_NYG",2020,14,"2020-12-13","NYG","ARI",7,26,"ARI","away"
"2020_14_ATL_LAC",2020,14,"2020-12-13","LAC","ATL",20,17,"LAC","home"
"2020_14_BAL_CLE",2020,14,"2020-12-14","CLE","BAL",42,47,"BAL","away"
"2020_14_DAL_CIN",2020,14,"2020-12-13","CIN","DAL",7,30,"DAL","away"
"2020_14_DEN_CAR",2020,14,"2020-12-13","CAR","DEN",27,32,"DEN","away"
"2020_14_GB_DET",2020,14,"2020-12-13","DET","GB",24,31,"GB","away"
"2020_14_HOU_CHI",2020,14,"2020-12-13","CHI","HOU",36,7,"CHI","home"
"2020_14_IND_LV",2020,14,"2020-12-13","LV","IND",27,44,"IND","away"
"2020_14_KC_MIA",2020,14,"2020-12-13","MIA","KC",27,33,"KC","away"
"2020_14_MIN_TB",2020,14,"2020-12-13","TB","MIN",26,14,"TB","home"
"2020_14_NE_LA",2020,14,"2020-12-10","LA","NE",24,3,"LA","home"
"2020_14_NO_PHI",2020,14,"2020-12-13","PHI","NO",24,21,"PHI","home"
"2020_14_NYJ_SEA",2020,14,"2020-12-13","SEA","NYJ",40,3,"SEA","home"
"2020_14_PIT_BUF",2020,14,"2020-12-13","BUF","PIT",26,15,"BUF","home"
"2020_14_TEN_JAX",2020,14,"2020-12-13","JAX","TEN",10,31,"TEN","away"
"2020_14_WAS_SF",2020,14,"2020-12-13","SF","WAS",15,23,"WAS","away"
"2020_15_BUF_DEN",2020,15,"2020-12-19","DEN","BUF",19,48,"BUF","away"
"2020_15_CAR_GB",2020,15,"2020-12-19","GB","CAR",24,16,"GB","home"
"2020_15_CHI_MIN",2020,15,"2020-12-20","MIN","CHI",27,33,"CHI","away"
"2020_15_CLE_NYG",2020,15,"2020-12-20","NYG","CLE",6,20,"CLE","away"
"2020_15_DET_TEN",2020,15,"2020-12-20","TEN","DET",46,25,"TEN","home"
"2020_15_HOU_IND",2020,15,"2020-12-20","IND","HOU",27,20,"IND","home"
"2020_15_JAX_BAL",2020,15,"2020-12-20","BAL","JAX",40,14,"BAL","home"
"2020_15_KC_NO",2020,15,"2020-12-20","NO","KC",29,32,"KC","away"
"2020_15_LAC_LV",2020,15,"2020-12-17","LV","LAC",27,30,"LAC","away"
"2020_15_NE_MIA",2020,15,"2020-12-20","MIA","NE",22,12,"MIA","home"
"2020_15_NYJ_LA",2020,15,"2020-12-20","LA","NYJ",20,23,"NYJ","away"
"2020_15_PHI_ARI",2020,15,"2020-12-20","ARI","PHI",33,26,"ARI","home"
"2020_15_PIT_CIN",2020,15,"2020-12-21","CIN","PIT",27,17,"CIN","home"
"2020_15_SEA_WAS",2020,15,"2020-12-20","WAS","SEA",15,20,"SEA","away"
"2020_15_SF_DAL",2020,15,"2020-12-20","DAL","SF",41,33,"DAL","home"
"2020_15_TB_ATL",2020,15,"2020-12-20","ATL","TB",27,31,"TB","away"
"2020_16_ATL_KC",2020,16,"2020-12-27","KC","ATL",17,14,"KC","home"
"2020_16_BUF_NE",2020,16,"2020-12-28","NE","BUF",9,38,"BUF","away"
"2020_16_CAR_WAS",2020,16,"2020-12-27","WAS","CAR",13,20,"CAR","away"
"2020_16_CHI_JAX",2020,16,"2020-12-27","JAX","CHI",17,41,"CHI","away"
"2020_16_CIN_HOU",2020,16,"2020-12-27","HOU","CIN",31,37,"CIN","away"
"2020_16_CLE_NYJ",2020,16,"2020-12-27","NYJ","CLE",23,16,"NYJ","home"
"2020_16_DEN_LAC",2020,16,"2020-12-27","LAC","DEN",19,16,"LAC","home"
"2020_16_IND_PIT",2020,16,"2020-12-27","PIT","IND",28,24,"PIT","home"
"2020_16_LA_SEA",2020,16,"2020-12-27","SEA","LA",20,9,"SEA","home"
"2020_16_MIA_LV",2020,16,"2020-12-26","LV","MIA",25,26,"MIA","away"
"2020_16_MIN_NO",2020,16,"2020-12-25","NO","MIN",52,33,"NO","home"
"2020_16_NYG_BAL",2020,16,"2020-12-27","BAL","NYG",27,13,"BAL","home"
"2020_16_PHI_DAL",2020,16,"2020-12-27","DAL","PHI",37,17,"DAL","home"
"2020_16_SF_ARI",2020,16,"2020-12-26","ARI","SF",12,20,"SF","away"
"2020_16_TB_DET",2020,16,"2020-12-26","DET","TB",7,47,"TB","away"
"2020_16_TEN_GB",2020,16,"2020-12-27","GB","TEN",40,14,"GB","home"
"2020_17_ARI_LA",2020,17,"2021-01-03","LA","ARI",18,7,"LA","home"
"2020_17_ATL_TB",2020,17,"2021-01-03","TB","ATL",44,27,"TB","home"
"2020_17_BAL_CIN",2020,17,"2021-01-03","CIN","BAL",3,38,"BAL","away"
"2020_17_DAL_NYG",2020,17,"2021-01-03","NYG","DAL",23,19,"NYG","home"
"2020_17_GB_CHI",2020,17,"2021-01-03","CHI","GB",16,35,"GB","away"
"2020_17_JAX_IND",2020,17,"2021-01-03","IND","JAX",28,14,"IND","home"
"2020_17_LAC_KC",2020,17,"2021-01-03","KC","LAC",21,38,"LAC","away"
"2020_17_LV_DEN",2020,17,"2021-01-03","DEN","LV",31,32,"LV","away"
"2020_17_MIA_BUF",2020,17,"2021-01-03","BUF","MIA",56,26,"BUF","home"
"2020_17_MIN_DET",2020,17,"2021-01-03","DET","MIN",35,37,"MIN","away"
"2020_17_NO_CAR",2020,17,"2021-01-03","CAR","NO",7,33,"NO","away"
"2020_17_NYJ_NE",2020,17,"2021-01-03","NE","NYJ",28,14,"NE","home"
"2020_17_PIT_CLE",2020,17,"2021-01-03","CLE","PIT",24,22,"CLE","home"
"2020_17_SEA_SF",2020,17,"2021-01-03","SF","SEA",23,26,"SEA","away"
"2020_17_TEN_HOU",2020,17,"2021-01-03","HOU","TEN",38,41,"TEN","away"
"2020_17_WAS_PHI",2020,17,"2021-01-03","PHI","WAS",14,20,"WAS","away"
"2020_18_BAL_TEN",2020,18,"2021-01-10","TEN","BAL",13,20,"BAL","away"
"2020_18_CHI_NO",2020,18,"2021-01-10","NO","CHI",21,9,"NO","home"
"2020_18_CLE_PIT",2020,18,"2021-01-10","PIT","CLE",37,48,"CLE","away"
"2020_18_IND_BUF",2020,18,"2021-01-09","BUF","IND",27,24,"BUF","home"
"2020_18_LA_SEA",2020,18,"2021-01-09","SEA","LA",20,30,"LA","away"
"2020_18_TB_WAS",2020,18,"2021-01-09","WAS","TB",23,31,"TB","away"
"2020_19_BAL_BUF",2020,19,"2021-01-16","BUF","BAL",17,3,"BUF","home"
"2020_19_CLE_KC",2020,19,"2021-01-17","KC","CLE",22,17,"KC","home"
"2020_19_LA_GB",2020,19,"2021-01-16","GB","LA",32,18,"GB","home"
"2020_19_TB_NO",2020,19,"2021-01-17","NO","TB",20,30,"TB","away"
"2020_20_BUF_KC",2020,20,"2021-01-24","KC","BUF",38,24,"KC","home"
"2020_20_TB_GB",2020,20,"2021-01-24","GB","TB",26,31,"TB","away"
"2020_21_KC_TB",2020,21,"2021-02-07","TB","KC",31,9,"TB","home"
"2021_01_ARI_TEN",2021,1,"2021-09-12","TEN","ARI",13,38,"ARI","away"
"2021_01_BAL_LV",2021,1,"2021-09-13","LV","BAL",33,27,"LV","home"
"2021_01_CHI_LA",2021,1,"2021-09-12","LA","CHI",34,14,"LA","home"
"2021_01_CLE_KC",2021,1,"2021-09-12","KC","CLE",33,29,"KC","home"
"2021_01_DAL_TB",2021,1,"2021-09-09","TB","DAL",31,29,"TB","home"
"2021_01_DEN_NYG",2021,1,"2021-09-12","NYG","DEN",13,27,"DEN","away"
"2021_01_GB_NO",2021,1,"2021-09-12","NO","GB",38,3,"NO","home"
"2021_01_JAX_HOU",2021,1,"2021-09-12","HOU","JAX",37,21,"HOU","home"
"2021_01_LAC_WAS",2021,1,"2021-09-12","WAS","LAC",16,20,"LAC","away"
"2021_01_MIA_NE",2021,1,"2021-09-12","NE","MIA",16,17,"MIA","away"
"2021_01_MIN_CIN",2021,1,"2021-09-12","CIN","MIN",27,24,"CIN","home"
"2021_01_NYJ_CAR",2021,1,"2021-09-12","CAR","NYJ",19,14,"CAR","home"
"2021_01_PHI_ATL",2021,1,"2021-09-12","ATL","PHI",6,32,"PHI","away"
"2021_01_PIT_BUF",2021,1,"2021-09-12","BUF","PIT",16,23,"PIT","away"
"2021_01_SEA_IND",2021,1,"2021-09-12","IND","SEA",16,28,"SEA","away"
"2021_01_SF_DET",2021,1,"2021-09-12","DET","SF",33,41,"SF","away"
"2021_02_ATL_TB",2021,2,"2021-09-19","TB","ATL",48,25,"TB","home"
"2021_02_BUF_MIA",2021,2,"2021-09-19","MIA","BUF",0,35,"BUF","away"
"2021_02_CIN_CHI",2021,2,"2021-09-19","CHI","CIN",20,17,"CHI","home"
"2021_02_DAL_LAC",2021,2,"2021-09-19","LAC","DAL",17,20,"DAL","away"
"2021_02_DEN_JAX",2021,2,"2021-09-19","JAX","DEN",13,23,"DEN","away"
"2021_02_DET_GB",2021,2,"2021-09-20","GB","DET",35,17,"GB","home"
"2021_02_HOU_CLE",2021,2,"2021-09-19","CLE","HOU",31,21,"CLE","home"
"2021_02_KC_BAL",2021,2,"2021-09-19","BAL","KC",36,35,"BAL","home"
"2021_02_LA_IND",2021,2,"2021-09-19","IND","LA",24,27,"LA","away"
"2021_02_LV_PIT",2021,2,"2021-09-19","PIT","LV",17,26,"LV","away"
"2021_02_MIN_ARI",2021,2,"2021-09-19","ARI","MIN",34,33,"ARI","home"
"2021_02_NE_NYJ",2021,2,"2021-09-19","NYJ","NE",6,25,"NE","away"
"2021_02_NO_CAR",2021,2,"2021-09-19","CAR","NO",26,7,"CAR","home"
"2021_02_NYG_WAS",2021,2,"2021-09-16","WAS","NYG",30,29,"WAS","home"
"2021_02_SF_PHI",2021,2,"2021-09-19","PHI","SF",11,17,"SF","away"
"2021_02_TEN_SEA",2021,2,"2021-09-19","SEA","TEN",30,33,"TEN","away"
"2021_03_ARI_JAX",2021,3,"2021-09-26","JAX","ARI",19,31,"ARI","away"
"2021_03_ATL_NYG",2021,3,"2021-09-26","NYG","ATL",14,17,"ATL","away"
"2021_03_BAL_DET",2021,3,"2021-09-26","DET","BAL",17,19,"BAL","away"
"2021_03_CAR_HOU",2021,3,"2021-09-23","HOU","CAR",9,24,"CAR","away"
"2021_03_CHI_CLE",2021,3,"2021-09-26","CLE","CHI",26,6,"CLE","home"
"2021_03_CIN_PIT",2021,3,"2021-09-26","PIT","CIN",10,24,"CIN","away"
"2021_03_GB_SF",2021,3,"2021-09-26","SF","GB",28,30,"GB","away"
"2021_03_IND_TEN",2021,3,"2021-09-26","TEN","IND",25,16,"TEN","home"
"2021_03_LAC_KC",2021,3,"2021-09-26","KC","LAC",24,30,"LAC","away"
"2021_03_MIA_LV",2021,3,"2021-09-26","LV","MIA",31,28,"LV","home"
"2021_03_NO_NE",2021,3,"2021-09-26","NE","NO",13,28,"NO","away"
"2021_03_NYJ_DEN",2021,3,"2021-09-26","DEN","NYJ",26,0,"DEN","home"
"2021_03_PHI_DAL",2021,3,"2021-09-27","DAL","PHI",41,21,"DAL","home"
"2021_03_SEA_MIN",2021,3,"2021-09-26","MIN","SEA",30,17,"MIN","home"
"2021_03_TB_LA",2021,3,"2021-09-26","LA","TB",34,24,"LA","home"
"2021_03_WAS_BUF",2021,3,"2021-09-26","BUF","WAS",43,21,"BUF","home"
"2021_04_ARI_LA",2021,4,"2021-10-03","LA","ARI",20,37,"ARI","away"
"2021_04_BAL_DEN",2021,4,"2021-10-03","DEN","BAL",7,23,"BAL","away"
"2021_04_CAR_DAL",2021,4,"2021-10-03","DAL","CAR",36,28,"DAL","home"
"2021_04_CLE_MIN",2021,4,"2021-10-03","MIN","CLE",7,14,"CLE","away"
"2021_04_DET_CHI",2021,4,"2021-10-03","CHI","DET",24,14,"CHI","home"
"2021_04_HOU_BUF",2021,4,"2021-10-03","BUF","HOU",40,0,"BUF","home"
"2021_04_IND_MIA",2021,4,"2021-10-03","MIA","IND",17,27,"IND","away"
"2021_04_JAX_CIN",2021,4,"2021-09-30","CIN","JAX",24,21,"CIN","home"
"2021_04_KC_PHI",2021,4,"2021-10-03","PHI","KC",30,42,"KC","away"
"2021_04_LV_LAC",2021,4,"2021-10-04","LAC","LV",28,14,"LAC","home"
"2021_04_NYG_NO",2021,4,"2021-10-03","NO","NYG",21,27,"NYG","away"
"2021_04_PIT_GB",2021,4,"2021-10-03","GB","PIT",27,17,"GB","home"
"2021_04_SEA_SF",2021,4,"2021-10-03","SF","SEA",21,28,"SEA","away"
"2021_04_TB_NE",2021,4,"2021-10-03","NE","TB",17,19,"TB","away"
"2021_04_TEN_NYJ",2021,4,"2021-10-03","NYJ","TEN",27,24,"NYJ","home"
"2021_04_WAS_ATL",2021,4,"2021-10-03","ATL","WAS",30,34,"WAS","away"
"2021_05_BUF_KC",2021,5,"2021-10-10","KC","BUF",20,38,"BUF","away"
"2021_05_CHI_LV",2021,5,"2021-10-10","LV","CHI",9,20,"CHI","away"
"2021_05_CLE_LAC",2021,5,"2021-10-10","LAC","CLE",47,42,"LAC","home"
"2021_05_DEN_PIT",2021,5,"2021-10-10","PIT","DEN",27,19,"PIT","home"
"2021_05_DET_MIN",2021,5,"2021-10-10","MIN","DET",19,17,"MIN","home"
"2021_05_GB_CIN",2021,5,"2021-10-10","CIN","GB",22,25,"GB","away"
"2021_05_IND_BAL",2021,5,"2021-10-11","BAL","IND",31,25,"BAL","home"
"2021_05_LA_SEA",2021,5,"2021-10-07","SEA","LA",17,26,"LA","away"
"2021_05_MIA_TB",2021,5,"2021-10-10","TB","MIA",45,17,"TB","home"
"2021_05_NE_HOU",2021,5,"2021-10-10","HOU","NE",22,25,"NE","away"
"2021_05_NO_WAS",2021,5,"2021-10-10","WAS","NO",22,33,"NO","away"
"2021_05_NYG_DAL",2021,5,"2021-10-10","DAL","NYG",44,20,"DAL","home"
"2021_05_NYJ_ATL",2021,5,"2021-10-10","ATL","NYJ",27,20,"ATL","home"
"2021_05_PHI_CAR",2021,5,"2021-10-10","CAR","PHI",18,21,"PHI","away"
"2021_05_SF_ARI",2021,5,"2021-10-10","ARI","SF",17,10,"ARI","home"
"2021_05_TEN_JAX",2021,5,"2021-10-10","JAX","TEN",19,37,"TEN","away"
"2021_06_ARI_CLE",2021,6,"2021-10-17","CLE","ARI",14,37,"ARI","away"
"2021_06_BUF_TEN",2021,6,"2021-10-18","TEN","BUF",34,31,"TEN","home"
"2021_06_CIN_DET",2021,6,"2021-10-17","DET","CIN",11,34,"CIN","away"
"2021_06_DAL_NE",2021,6,"2021-10-17","NE","DAL",29,35,"DAL","away"
"2021_06_GB_CHI",2021,6,"2021-10-17","CHI","GB",14,24,"GB","away"
"2021_06_HOU_IND",2021,6,"2021-10-17","IND","HOU",31,3,"IND","home"
"2021_06_KC_WAS",2021,6,"2021-10-17","WAS","KC",13,31,"KC","away"
"2021_06_LAC_BAL",2021,6,"2021-10-17","BAL","LAC",34,6,"BAL","home"
"2021_06_LA_NYG",2021,6,"2021-10-17","NYG","LA",11,38,"LA","away"
"2021_06_LV_DEN",2021,6,"2021-10-17","DEN","LV",24,34,"LV","away"
"2021_06_MIA_JAX",2021,6,"2021-10-17","JAX","MIA",23,20,"JAX","home"
"2021_06_MIN_CAR",2021,6,"2021-10-17","CAR","MIN",28,34,"MIN","away"
"2021_06_SEA_PIT",2021,6,"2021-10-17","PIT","SEA",23,20,"PIT","home"
"2021_06_TB_PHI",2021,6,"2021-10-14","PHI","TB",22,28,"TB","away"
"2021_07_ATL_MIA",2021,7,"2021-10-24","MIA","ATL",28,30,"ATL","away"
"2021_07_CAR_NYG",2021,7,"2021-10-24","NYG","CAR",25,3,"NYG","home"
"2021_07_CHI_TB",2021,7,"2021-10-24","TB","CHI",38,3,"TB","home"
"2021_07_CIN_BAL",2021,7,"2021-10-24","BAL","CIN",17,41,"CIN","away"
"2021_07_DEN_CLE",2021,7,"2021-10-21","CLE","DEN",17,14,"CLE","home"
"2021_07_DET_LA",2021,7,"2021-10-24","LA","DET",28,19,"LA","home"
"2021_07_HOU_ARI",2021,7,"2021-10-24","ARI","HOU",31,5,"ARI","home"
"2021_07_IND_SF",2021,7,"2021-10-24","SF","IND",18,30,"IND","away"
"2021_07_KC_TEN",2021,7,"2021-10-24","TEN","KC",27,3,"TEN","home"
"2021_07_NO_SEA",2021,7,"2021-10-25","SEA","NO",10,13,"NO","away"
"2021_07_NYJ_NE",2021,7,"2021-10-24","NE","NYJ",54,13,"NE","home"
"2021_07_PHI_LV",2021,7,"2021-10-24","LV","PHI",33,22,"LV","home"
"2021_07_WAS_GB",2021,7,"2021-10-24","GB","WAS",24,10,"GB","home"
"2021_08_CAR_ATL",2021,8,"2021-10-31","ATL","CAR",13,19,"CAR","away"
"2021_08_CIN_NYJ",2021,8,"2021-10-31","NYJ","CIN",34,31,"NYJ","home"
"2021_08_DAL_MIN",2021,8,"2021-10-31","MIN","DAL",16,20,"DAL","away"
"2021_08_GB_ARI",2021,8,"2021-10-28","ARI","GB",21,24,"GB","away"
"2021_08_JAX_SEA",2021,8,"2021-10-31","SEA","JAX",31,7,"SEA","home"
"2021_08_LA_HOU",2021,8,"2021-10-31","HOU","LA",22,38,"LA","away"
"2021_08_MIA_BUF",2021,8,"2021-10-31","BUF","MIA",26,11,"BUF","home"
"2021_08_NE_LAC",2021,8,"2021-10-31","LAC","NE",24,27,"NE","away"
"2021_08_NYG_KC",2021,8,"2021-11-01","KC","NYG",20,17,"KC","home"
"2021_08_PHI_DET",2021,8,"2021-10-31","DET","PHI",6,44,"PHI","away"
"2021_08_PIT_CLE",2021,8,"2021-10-31","CLE","PIT",10,15,"PIT","away"
"2021_08_SF_CHI",2021,8,"2021-10-31","CHI","SF",22,33,"SF","away"
"2021_08_TB_NO",2021,8,"2021-10-31","NO","TB",36,27,"NO","home"
"2021_08_TEN_IND",2021,8,"2021-10-31","IND","TEN",31,34,"TEN","away"
"2021_08_WAS_DEN",2021,8,"2021-10-31","DEN","WAS",17,10,"DEN","home"
"2021_09_ARI_SF",2021,9,"2021-11-07","SF","ARI",17,31,"ARI","away"
"2021_09_ATL_NO",2021,9,"2021-11-07","NO","ATL",25,27,"ATL","away"
"2021_09_BUF_JAX",2021,9,"2021-11-07","JAX","BUF",9,6,"JAX","home"
"2021_09_CHI_PIT",2021,9,"2021-11-08","PIT","CHI",29,27,"PIT","home"
"2021_09_CLE_CIN",2021,9,"2021-11-07","CIN","CLE",16,41,"CLE","away"
"2021_09_DEN_DAL",2021,9,"2021-11-07","DAL","DEN",16,30,"DEN","away"
"2021_09_GB_KC",2021,9,"2021-11-07","KC","GB",13,7,"KC","home"
"2021_09_HOU_MIA",2021,9,"2021-11-07","MIA","HOU",17,9,"MIA","home"
"2021_09_LAC_PHI",2021,9,"2021-11-07","PHI","LAC",24,27,"LAC","away"
"2021_09_LV_NYG",2021,9,"2021-11-07","NYG","LV",23,16,"NYG","home"
"2021_09_MIN_BAL",2021,9,"2021-11-07","BAL","MIN",34,31,"BAL","home"
"2021_09_NE_CAR",2021,9,"2021-11-07","CAR","NE",6,24,"NE","away"
"2021_09_NYJ_IND",2021,9,"2021-11-04","IND","NYJ",45,30,"IND","home"
"2021_09_TEN_LA",2021,9,"2021-11-07","LA","TEN",16,28,"TEN","away"
"2021_10_ATL_DAL",2021,10,"2021-11-14","DAL","ATL",43,3,"DAL","home"
"2021_10_BAL_MIA",2021,10,"2021-11-11","MIA","BAL",22,10,"MIA","home"
"2021_10_BUF_NYJ",2021,10,"2021-11-14","NYJ","BUF",17,45,"BUF","away"
"2021_10_CAR_ARI",2021,10,"2021-11-14","ARI","CAR",10,34,"CAR","away"
"2021_10_CLE_NE",2021,10,"2021-11-14","NE","CLE",45,7,"NE","home"
"2021_10_DET_PIT",2021,10,"2021-11-14","PIT","DET",16,16,"tie","tie"
"2021_10_JAX_IND",2021,10,"2021-11-14","IND","JAX",23,17,"IND","home"
"2021_10_KC_LV",2021,10,"2021-11-14","LV","KC",14,41,"KC","away"
"2021_10_LA_SF",2021,10,"2021-11-15","SF","LA",31,10,"SF","home"
"2021_10_MIN_LAC",2021,10,"2021-11-14","LAC","MIN",20,27,"MIN","away"
"2021_10_NO_TEN",2021,10,"2021-11-14","TEN","NO",23,21,"TEN","home"
"2021_10_PHI_DEN",2021,10,"2021-11-14","DEN","PHI",13,30,"PHI","away"
"2021_10_SEA_GB",2021,10,"2021-11-14","GB","SEA",17,0,"GB","home"
"2021_10_TB_WAS",2021,10,"2021-11-14","WAS","TB",29,19,"WAS","home"
"2021_11_ARI_SEA",2021,11,"2021-11-21","SEA","ARI",13,23,"ARI","away"
"2021_11_BAL_CHI",2021,11,"2021-11-21","CHI","BAL",13,16,"BAL","away"
"2021_11_CIN_LV",2021,11,"2021-11-21","LV","CIN",13,32,"CIN","away"
"2021_11_DAL_KC",2021,11,"2021-11-21","KC","DAL",19,9,"KC","home"
"2021_11_DET_CLE",2021,11,"2021-11-21","CLE","DET",13,10,"CLE","home"
"2021_11_GB_MIN",2021,11,"2021-11-21","MIN","GB",34,31,"MIN","home"
"2021_11_HOU_TEN",2021,11,"2021-11-21","TEN","HOU",13,22,"HOU","away"
"2021_11_IND_BUF",2021,11,"2021-11-21","BUF","IND",15,41,"IND","away"
"2021_11_MIA_NYJ",2021,11,"2021-11-21","NYJ","MIA",17,24,"MIA","away"
"2021_11_NE_ATL",2021,11,"2021-11-18","ATL","NE",0,25,"NE","away"
"2021_11_NO_PHI",2021,11,"2021-11-21","PHI","NO",40,29,"PHI","home"
"2021_11_NYG_TB",2021,11,"2021-11-22","TB","NYG",30,10,"TB","home"
"2021_11_PIT_LAC",2021,11,"2021-11-21","LAC","PIT",41,37,"LAC","home"
"2021_11_SF_JAX",2021,11,"2021-11-21","JAX","SF",10,30,"SF","away"
"2021_11_WAS_CAR",2021,11,"2021-11-21","CAR","WAS",21,27,"WAS","away"
"2021_12_ATL_JAX",2021,12,"2021-11-28","JAX","ATL",14,21,"ATL","away"
"2021_12_BUF_NO",2021,12,"2021-11-25","NO","BUF",6,31,"BUF","away"
"2021_12_CAR_MIA",2021,12,"2021-11-28","MIA","CAR",33,10,"MIA","home"
"2021_12_CHI_DET",2021,12,"2021-11-25","DET","CHI",14,16,"CHI","away"
"2021_12_CLE_BAL",2021,12,"2021-11-28","BAL","CLE",16,10,"BAL","home"
"2021_12_LAC_DEN",2021,12,"2021-11-28","DEN","LAC",28,13,"DEN","home"
"2021_12_LA_GB",2021,12,"2021-11-28","GB","LA",36,28,"GB","home"
"2021_12_LV_DAL",2021,12,"2021-11-25","DAL","LV",33,36,"LV","away"
"2021_12_MIN_SF",2021,12,"2021-11-28","SF","MIN",34,26,"SF","home"
"2021_12_NYJ_HOU",2021,12,"2021-11-28","HOU","NYJ",14,21,"NYJ","away"
"2021_12_PHI_NYG",2021,12,"2021-11-28","NYG","PHI",13,7,"NYG","home"
"2021_12_PIT_CIN",2021,12,"2021-11-28","CIN","PIT",41,10,"CIN","home"
"2021_12_SEA_WAS",2021,12,"2021-11-29","WAS","SEA",17,15,"WAS","home"
"2021_12_TB_IND",2021,12,"2021-11-28","IND","TB",31,38,"TB","away"
"2021_12_TEN_NE",2021,12,"2021-11-28","NE","TEN",36,13,"NE","home"
"2021_13_ARI_CHI",2021,13,"2021-12-05","CHI","ARI",22,33,"ARI","away"
"2021_13_BAL_PIT",2021,13,"2021-12-05","PIT","BAL",20,19,"PIT","home"
"2021_13_DAL_NO",2021,13,"2021-12-02","NO","DAL",17,27,"DAL","away"
"2021_13_DEN_KC",2021,13,"2021-12-05","KC","DEN",22,9,"KC","home"
"2021_13_IND_HOU",2021,13,"2021-12-05","HOU","IND",0,31,"IND","away"
"2021_13_JAX_LA",2021,13,"2021-12-05","LA","JAX",37,7,"LA","home"
"2021_13_LAC_CIN",2021,13,"2021-12-05","CIN","LAC",22,41,"LAC","away"
"2021_13_MIN_DET",2021,13,"2021-12-05","DET","MIN",29,27,"DET","home"
"2021_13_NE_BUF",2021,13,"2021-12-06","BUF","NE",10,14,"NE","away"
"2021_13_NYG_MIA",2021,13,"2021-12-05","MIA","NYG",20,9,"MIA","home"
"2021_13_PHI_NYJ",2021,13,"2021-12-05","NYJ","PHI",18,33,"PHI","away"
"2021_13_SF_SEA",2021,13,"2021-12-05","SEA","SF",30,23,"SEA","home"
"2021_13_TB_ATL",2021,13,"2021-12-05","ATL","TB",17,30,"TB","away"
"2021_13_WAS_LV",2021,13,"2021-12-05","LV","WAS",15,17,"WAS","away"
"2021_14_ATL_CAR",2021,14,"2021-12-12","CAR","ATL",21,29,"ATL","away"
"2021_14_BAL_CLE",2021,14,"2021-12-12","CLE","BAL",24,22,"CLE","home"
"2021_14_BUF_TB",2021,14,"2021-12-12","TB","BUF",33,27,"TB","home"
"2021_14_CHI_GB",2021,14,"2021-12-12","GB","CHI",45,30,"GB","home"
"2021_14_DAL_WAS",2021,14,"2021-12-12","WAS","DAL",20,27,"DAL","away"
"2021_14_DET_DEN",2021,14,"2021-12-12","DEN","DET",38,10,"DEN","home"
"2021_14_JAX_TEN",2021,14,"2021-12-12","TEN","JAX",20,0,"TEN","home"
"2021_14_LA_ARI",2021,14,"2021-12-13","ARI","LA",23,30,"LA","away"
"2021_14_LV_KC",2021,14,"2021-12-12","KC","LV",48,9,"KC","home"
"2021_14_NO_NYJ",2021,14,"2021-12-12","NYJ","NO",9,30,"NO","away"
"2021_14_NYG_LAC",2021,14,"2021-12-12","LAC","NYG",37,21,"LAC","home"
"2021_14_PIT_MIN",2021,14,"2021-12-09","MIN","PIT",36,28,"MIN","home"
"2021_14_SEA_HOU",2021,14,"2021-12-12","HOU","SEA",13,33,"SEA","away"
"2021_14_SF_CIN",2021,14,"2021-12-12","CIN","SF",23,26,"SF","away"
"2021_15_ARI_DET",2021,15,"2021-12-19","DET","ARI",30,12,"DET","home"
"2021_15_ATL_SF",2021,15,"2021-12-19","SF","ATL",31,13,"SF","home"
"2021_15_CAR_BUF",2021,15,"2021-12-19","BUF","CAR",31,14,"BUF","home"
"2021_15_CIN_DEN",2021,15,"2021-12-19","DEN","CIN",10,15,"CIN","away"
"2021_15_DAL_NYG",2021,15,"2021-12-19","NYG","DAL",6,21,"DAL","away"
"2021_15_GB_BAL",2021,15,"2021-12-19","BAL","GB",30,31,"GB","away"
"2021_15_HOU_JAX",2021,15,"2021-12-19","JAX","HOU",16,30,"HOU","away"
"2021_15_KC_LAC",2021,15,"2021-12-16","LAC","KC",28,34,"KC","away"
"2021_15_LV_CLE",2021,15,"2021-12-20","CLE","LV",14,16,"LV","away"
"2021_15_MIN_CHI",2021,15,"2021-12-20","CHI","MIN",9,17,"MIN","away"
"2021_15_NE_IND",2021,15,"2021-12-18","IND","NE",27,17,"IND","home"
"2021_15_NO_TB",2021,15,"2021-12-19","TB","NO",0,9,"NO","away"
"2021_15_NYJ_MIA",2021,15,"2021-12-19","MIA","NYJ",31,24,"MIA","home"
"2021_15_SEA_LA",2021,15,"2021-12-21","LA","SEA",20,10,"LA","home"
"2021_15_TEN_PIT",2021,15,"2021-12-19","PIT","TEN",19,13,"PIT","home"
"2021_15_WAS_PHI",2021,15,"2021-12-21","PHI","WAS",27,17,"PHI","home"
"2021_16_BAL_CIN",2021,16,"2021-12-26","CIN","BAL",41,21,"CIN","home"
"2021_16_BUF_NE",2021,16,"2021-12-26","NE","BUF",21,33,"BUF","away"
"2021_16_CHI_SEA",2021,16,"2021-12-26","SEA","CHI",24,25,"CHI","away"
"2021_16_CLE_GB",2021,16,"2021-12-25","GB","CLE",24,22,"GB","home"
"2021_16_DEN_LV",2021,16,"2021-12-26","LV","DEN",17,13,"LV","home"
"2021_16_DET_ATL",2021,16,"2021-12-26","ATL","DET",20,16,"ATL","home"
"2021_16_IND_ARI",2021,16,"2021-12-25","ARI","IND",16,22,"IND","away"
"2021_16_JAX_NYJ",2021,16,"2021-12-26","NYJ","JAX",26,21,"NYJ","home"
"2021_16_LAC_HOU",2021,16,"2021-12-26","HOU","LAC",41,29,"HOU","home"
"2021_16_LA_MIN",2021,16,"2021-12-26","MIN","LA",23,30,"LA","away"
"2021_16_MIA_NO",2021,16,"2021-12-27","NO","MIA",3,20,"MIA","away"
"2021_16_NYG_PHI",2021,16,"2021-12-26","PHI","NYG",34,10,"PHI","home"
"2021_16_PIT_KC",2021,16,"2021-12-26","KC","PIT",36,10,"KC","home"
"2021_16_SF_TEN",2021,16,"2021-12-23","TEN","SF",20,17,"TEN","home"
"2021_16_TB_CAR",2021,16,"2021-12-26","CAR","TB",6,32,"TB","away"
"2021_16_WAS_DAL",2021,16,"2021-12-26","DAL","WAS",56,14,"DAL","home"
"2021_17_ARI_DAL",2021,17,"2022-01-02","DAL","ARI",22,25,"ARI","away"
"2021_17_ATL_BUF",2021,17,"2022-01-02","BUF","ATL",29,15,"BUF","home"
"2021_17_CAR_NO",2021,17,"2022-01-02","NO","CAR",18,10,"NO","home"
"2021_17_CLE_PIT",2021,17,"2022-01-03","PIT","CLE",26,14,"PIT","home"
"2021_17_DEN_LAC",2021,17,"2022-01-02","LAC","DEN",34,13,"LAC","home"
"2021_17_DET_SEA",2021,17,"2022-01-02","SEA","DET",51,29,"SEA","home"
"2021_17_HOU_SF",2021,17,"2022-01-02","SF","HOU",23,7,"SF","home"
"2021_17_JAX_NE",2021,17,"2022-01-02","NE","JAX",50,10,"NE","home"
"2021_17_KC_CIN",2021,17,"2022-01-02","CIN","KC",34,31,"CIN","home"
"2021_17_LA_BAL",2021,17,"2022-01-02","BAL","LA",19,20,"LA","away"
"2021_17_LV_IND",2021,17,"2022-01-02","IND","LV",20,23,"LV","away"
"2021_17_MIA_TEN",2021,17,"2022-01-02","TEN","MIA",34,3,"TEN","home"
"2021_17_MIN_GB",2021,17,"2022-01-02","GB","MIN",37,10,"GB","home"
"2021_17_NYG_CHI",2021,17,"2022-01-02","CHI","NYG",29,3,"CHI","home"
"2021_17_PHI_WAS",2021,17,"2022-01-02","WAS","PHI",16,20,"PHI","away"
"2021_17_TB_NYJ",2021,17,"2022-01-02","NYJ","TB",24,28,"TB","away"
"2021_18_CAR_TB",2021,18,"2022-01-09","TB","CAR",41,17,"TB","home"
"2021_18_CHI_MIN",2021,18,"2022-01-09","MIN","CHI",31,17,"MIN","home"
"2021_18_CIN_CLE",2021,18,"2022-01-09","CLE","CIN",21,16,"CLE","home"
"2021_18_DAL_PHI",2021,18,"2022-01-08","PHI","DAL",26,51,"DAL","away"
"2021_18_GB_DET",2021,18,"2022-01-09","DET","GB",37,30,"DET","home"
"2021_18_IND_JAX",2021,18,"2022-01-09","JAX","IND",26,11,"JAX","home"
"2021_18_KC_DEN",2021,18,"2022-01-08","DEN","KC",24,28,"KC","away"
"2021_18_LAC_LV",2021,18,"2022-01-09","LV","LAC",35,32,"LV","home"
"2021_18_NE_MIA",2021,18,"2022-01-09","MIA","NE",33,24,"MIA","home"
"2021_18_NO_ATL",2021,18,"2022-01-09","ATL","NO",20,30,"NO","away"
"2021_18_NYJ_BUF",2021,18,"2022-01-09","BUF","NYJ",27,10,"BUF","home"
"2021_18_PIT_BAL",2021,18,"2022-01-09","BAL","PIT",13,16,"PIT","away"
"2021_18_SEA_ARI",2021,18,"2022-01-09","ARI","SEA",30,38,"SEA","away"
"2021_18_SF_LA",2021,18,"2022-01-09","LA","SF",24,27,"SF","away"
"2021_18_TEN_HOU",2021,18,"2022-01-09","HOU","TEN",25,28,"TEN","away"
"2021_18_WAS_NYG",2021,18,"2022-01-09","NYG","WAS",7,22,"WAS","away"
"2021_19_ARI_LA",2021,19,"2022-01-17","LA","ARI",34,11,"LA","home"
"2021_19_LV_CIN",2021,19,"2022-01-15","CIN","LV",26,19,"CIN","home"
"2021_19_NE_BUF",2021,19,"2022-01-15","BUF","NE",47,17,"BUF","home"
"2021_19_PHI_TB",2021,19,"2022-01-16","TB","PHI",31,15,"TB","home"
"2021_19_PIT_KC",2021,19,"2022-01-16","KC","PIT",42,21,"KC","home"
"2021_19_SF_DAL",2021,19,"2022-01-16","DAL","SF",17,23,"SF","away"
"2021_20_BUF_KC",2021,20,"2022-01-23","KC","BUF",42,36,"KC","home"
"2021_20_CIN_TEN",2021,20,"2022-01-22","TEN","CIN",16,19,"CIN","away"
"2021_20_LA_TB",2021,20,"2022-01-23","TB","LA",27,30,"LA","away"
"2021_20_SF_GB",2021,20,"2022-01-22","GB","SF",10,13,"SF","away"
"2021_21_CIN_KC",2021,21,"2022-01-30","KC","CIN",24,27,"CIN","away"
"2021_21_SF_LA",2021,21,"2022-01-30","LA","SF",20,17,"LA","home"
"2021_22_LA_CIN",2021,22,"2022-02-13","CIN","LA",20,23,"LA","away"
"2022_01_BAL_NYJ",2022,1,"2022-09-11","NYJ","BAL",9,24,"BAL","away"
"2022_01_BUF_LA",2022,1,"2022-09-08","LA","BUF",10,31,"BUF","away"
"2022_01_CLE_CAR",2022,1,"2022-09-11","CAR","CLE",24,26,"CLE","away"
"2022_01_DEN_SEA",2022,1,"2022-09-12","SEA","DEN",17,16,"SEA","home"
"2022_01_GB_MIN",2022,1,"2022-09-11","MIN","GB",23,7,"MIN","home"
"2022_01_IND_HOU",2022,1,"2022-09-11","HOU","IND",20,20,"tie","tie"
"2022_01_JAX_WAS",2022,1,"2022-09-11","WAS","JAX",28,22,"WAS","home"
"2022_01_KC_ARI",2022,1,"2022-09-11","ARI","KC",21,44,"KC","away"
"2022_01_LV_LAC",2022,1,"2022-09-11","LAC","LV",24,19,"LAC","home"
"2022_01_NE_MIA",2022,1,"2022-09-11","MIA","NE",20,7,"MIA","home"
"2022_01_NO_ATL",2022,1,"2022-09-11","ATL","NO",26,27,"NO","away"
"2022_01_NYG_TEN",2022,1,"2022-09-11","TEN","NYG",20,21,"NYG","away"
"2022_01_PHI_DET",2022,1,"2022-09-11","DET","PHI",35,38,"PHI","away"
"2022_01_PIT_CIN",2022,1,"2022-09-11","CIN","PIT",20,23,"PIT","away"
"2022_01_SF_CHI",2022,1,"2022-09-11","CHI","SF",19,10,"CHI","home"
"2022_01_TB_DAL",2022,1,"2022-09-11","DAL","TB",3,19,"TB","away"
"2022_02_ARI_LV",2022,2,"2022-09-18","LV","ARI",23,29,"ARI","away"
"2022_02_ATL_LA",2022,2,"2022-09-18","LA","ATL",31,27,"LA","home"
"2022_02_CAR_NYG",2022,2,"2022-09-18","NYG","CAR",19,16,"NYG","home"
"2022_02_CHI_GB",2022,2,"2022-09-18","GB","CHI",27,10,"GB","home"
"2022_02_CIN_DAL",2022,2,"2022-09-18","DAL","CIN",20,17,"DAL","home"
"2022_02_HOU_DEN",2022,2,"2022-09-18","DEN","HOU",16,9,"DEN","home"
"2022_02_IND_JAX",2022,2,"2022-09-18","JAX","IND",24,0,"JAX","home"
"2022_02_LAC_KC",2022,2,"2022-09-15","KC","LAC",27,24,"KC","home"
"2022_02_MIA_BAL",2022,2,"2022-09-18","BAL","MIA",38,42,"MIA","away"
"2022_02_MIN_PHI",2022,2,"2022-09-19","PHI","MIN",24,7,"PHI","home"
"2022_02_NE_PIT",2022,2,"2022-09-18","PIT","NE",14,17,"NE","away"
"2022_02_NYJ_CLE",2022,2,"2022-09-18","CLE","NYJ",30,31,"NYJ","away"
"2022_02_SEA_SF",2022,2,"2022-09-18","SF","SEA",27,7,"SF","home"
"2022_02_TB_NO",2022,2,"2022-09-18","NO","TB",10,20,"TB","away"
"2022_02_TEN_BUF",2022,2,"2022-09-19","BUF","TEN",41,7,"BUF","home"
"2022_02_WAS_DET",2022,2,"2022-09-18","DET","WAS",36,27,"DET","home"
"2022_03_ATL_SEA",2022,3,"2022-09-25","SEA","ATL",23,27,"ATL","away"
"2022_03_BAL_NE",2022,3,"2022-09-25","NE","BAL",26,37,"BAL","away"
"2022_03_BUF_MIA",2022,3,"2022-09-25","MIA","BUF",21,19,"MIA","home"
"2022_03_CIN_NYJ",2022,3,"2022-09-25","NYJ","CIN",12,27,"CIN","away"
"2022_03_DAL_NYG",2022,3,"2022-09-26","NYG","DAL",16,23,"DAL","away"
"2022_03_DET_MIN",2022,3,"2022-09-25","MIN","DET",28,24,"MIN","home"
"2022_03_GB_TB",2022,3,"2022-09-25","TB","GB",12,14,"GB","away"
"2022_03_HOU_CHI",2022,3,"2022-09-25","CHI","HOU",23,20,"CHI","home"
"2022_03_JAX_LAC",2022,3,"2022-09-25","LAC","JAX",10,38,"JAX","away"
"2022_03_KC_IND",2022,3,"2022-09-25","IND","KC",20,17,"IND","home"
"2022_03_LA_ARI",2022,3,"2022-09-25","ARI","LA",12,20,"LA","away"
"2022_03_LV_TEN",2022,3,"2022-09-25","TEN","LV",24,22,"TEN","home"
"2022_03_NO_CAR",2022,3,"2022-09-25","CAR","NO",22,14,"CAR","home"
"2022_03_PHI_WAS",2022,3,"2022-09-25","WAS","PHI",8,24,"PHI","away"
"2022_03_PIT_CLE",2022,3,"2022-09-22","CLE","PIT",29,17,"CLE","home"
"2022_03_SF_DEN",2022,3,"2022-09-25","DEN","SF",11,10,"DEN","home"
"2022_04_ARI_CAR",2022,4,"2022-10-02","CAR","ARI",16,26,"ARI","away"
"2022_04_BUF_BAL",2022,4,"2022-10-02","BAL","BUF",20,23,"BUF","away"
"2022_04_CHI_NYG",2022,4,"2022-10-02","NYG","CHI",20,12,"NYG","home"
"2022_04_CLE_ATL",2022,4,"2022-10-02","ATL","CLE",23,20,"ATL","home"
"2022_04_DEN_LV",2022,4,"2022-10-02","LV","DEN",32,23,"LV","home"
"2022_04_JAX_PHI",2022,4,"2022-10-02","PHI","JAX",29,21,"PHI","home"
"2022_04_KC_TB",2022,4,"2022-10-02","TB","KC",31,41,"KC","away"
"2022_04_LAC_HOU",2022,4,"2022-10-02","HOU","LAC",24,34,"LAC","away"
"2022_04_LA_SF",2022,4,"2022-10-03","SF","LA",24,9,"SF","home"
"2022_04_MIA_CIN",2022,4,"2022-09-29","CIN","MIA",27,15,"CIN","home"
"2022_04_MIN_NO",2022,4,"2022-10-02","NO","MIN",25,28,"MIN","away"
"2022_04_NE_GB",2022,4,"2022-10-02","GB","NE",27,24,"GB","home"
"2022_04_NYJ_PIT",2022,4,"2022-10-02","PIT","NYJ",20,24,"NYJ","away"
"2022_04_SEA_DET",2022,4,"2022-10-02","DET","SEA",45,48,"SEA","away"
"2022_04_TEN_IND",2022,4,"2022-10-02","IND","TEN",17,24,"TEN","away"
"2022_04_WAS_DAL",2022,4,"2022-10-02","DAL","WAS",25,10,"DAL","home"
"2022_05_ATL_TB",2022,5,"2022-10-09","TB","ATL",21,15,"TB","home"
"2022_05_CHI_MIN",2022,5,"2022-10-09","MIN","CHI",29,22,"MIN","home"
"2022_05_CIN_BAL",2022,5,"2022-10-09","BAL","CIN",19,17,"BAL","home"
"2022_05_DAL_LA",2022,5,"2022-10-09","LA","DAL",10,22,"DAL","away"
"2022_05_DET_NE",2022,5,"2022-10-09","NE","DET",29,0,"NE","home"
"2022_05_HOU_JAX",2022,5,"2022-10-09","JAX","HOU",6,13,"HOU","away"
"2022_05_IND_DEN",2022,5,"2022-10-06","DEN","IND",9,12,"IND","away"
"2022_05_LAC_CLE",2022,5,"2022-10-09","CLE","LAC",28,30,"LAC","away"
"2022_05_LV_KC",2022,5,"2022-10-10","KC","LV",30,29,"KC","home"
"2022_05_MIA_NYJ",2022,5,"2022-10-09","NYJ","MIA",40,17,"NYJ","home"
"2022_05_NYG_GB",2022,5,"2022-10-09","GB","NYG",22,27,"NYG","away"
"2022_05_PHI_ARI",2022,5,"2022-10-09","ARI","PHI",17,20,"PHI","away"
"2022_05_PIT_BUF",2022,5,"2022-10-09","BUF","PIT",38,3,"BUF","home"
"2022_05_SEA_NO",2022,5,"2022-10-09","NO","SEA",39,32,"NO","home"
"2022_05_SF_CAR",2022,5,"2022-10-09","CAR","SF",15,37,"SF","away"
"2022_05_TEN_WAS",2022,5,"2022-10-09","WAS","TEN",17,21,"TEN","away"
"2022_06_ARI_SEA",2022,6,"2022-10-16","SEA","ARI",19,9,"SEA","home"
"2022_06_BAL_NYG",2022,6,"2022-10-16","NYG","BAL",24,20,"NYG","home"
"2022_06_BUF_KC",2022,6,"2022-10-16","KC","BUF",20,24,"BUF","away"
"2022_06_CAR_LA",2022,6,"2022-10-16","LA","CAR",24,10,"LA","home"
"2022_06_CIN_NO",2022,6,"2022-10-16","NO","CIN",26,30,"CIN","away"
"2022_06_DAL_PHI",2022,6,"2022-10-16","PHI","DAL",26,17,"PHI","home"
"2022_06_DEN_LAC",2022,6,"2022-10-17","LAC","DEN",19,16,"LAC","home"
"2022_06_JAX_IND",2022,6,"2022-10-16","IND","JAX",34,27,"IND","home"
"2022_06_MIN_MIA",2022,6,"2022-10-16","MIA","MIN",16,24,"MIN","away"
"2022_06_NE_CLE",2022,6,"2022-10-16","CLE","NE",15,38,"NE","away"
"2022_06_NYJ_GB",2022,6,"2022-10-16","GB","NYJ",10,27,"NYJ","away"
"2022_06_SF_ATL",2022,6,"2022-10-16","ATL","SF",28,14,"ATL","home"
"2022_06_TB_PIT",2022,6,"2022-10-16","PIT","TB",20,18,"PIT","home"
"2022_06_WAS_CHI",2022,6,"2022-10-13","CHI","WAS",7,12,"WAS","away"
"2022_07_ATL_CIN",2022,7,"2022-10-23","CIN","ATL",35,17,"CIN","home"
"2022_07_CHI_NE",2022,7,"2022-10-24","NE","CHI",14,33,"CHI","away"
"2022_07_CLE_BAL",2022,7,"2022-10-23","BAL","CLE",23,20,"BAL","home"
"2022_07_DET_DAL",2022,7,"2022-10-23","DAL","DET",24,6,"DAL","home"
"2022_07_GB_WAS",2022,7,"2022-10-23","WAS","GB",23,21,"WAS","home"
"2022_07_HOU_LV",2022,7,"2022-10-23","LV","HOU",38,20,"LV","home"
"2022_07_IND_TEN",2022,7,"2022-10-23","TEN","IND",19,10,"TEN","home"
"2022_07_KC_SF",2022,7,"2022-10-23","SF","KC",23,44,"KC","away"
"2022_07_NO_ARI",2022,7,"2022-10-20","ARI","NO",42,34,"ARI","home"
"2022_07_NYG_JAX",2022,7,"2022-10-23","JAX","NYG",17,23,"NYG","away"
"2022_07_NYJ_DEN",2022,7,"2022-10-23","DEN","NYJ",9,16,"NYJ","away"
"2022_07_PIT_MIA",2022,7,"2022-10-23","MIA","PIT",16,10,"MIA","home"
"2022_07_SEA_LAC",2022,7,"2022-10-23","LAC","SEA",23,37,"SEA","away"
"2022_07_TB_CAR",2022,7,"2022-10-23","CAR","TB",21,3,"CAR","home"
"2022_08_ARI_MIN",2022,8,"2022-10-30","MIN","ARI",34,26,"MIN","home"
"2022_08_BAL_TB",2022,8,"2022-10-27","TB","BAL",22,27,"BAL","away"
"2022_08_CAR_ATL",2022,8,"2022-10-30","ATL","CAR",37,34,"ATL","home"
"2022_08_CHI_DAL",2022,8,"2022-10-30","DAL","CHI",49,29,"DAL","home"
"2022_08_CIN_CLE",2022,8,"2022-10-31","CLE","CIN",32,13,"CLE","home"
"2022_08_DEN_JAX",2022,8,"2022-10-30","JAX","DEN",17,21,"DEN","away"
"2022_08_GB_BUF",2022,8,"2022-10-30","BUF","GB",27,17,"BUF","home"
"2022_08_LV_NO",2022,8,"2022-10-30","NO","LV",24,0,"NO","home"
"2022_08_MIA_DET",2022,8,"2022-10-30","DET","MIA",27,31,"MIA","away"
"2022_08_NE_NYJ",2022,8,"2022-10-30","NYJ","NE",17,22,"NE","away"
"2022_08_NYG_SEA",2022,8,"2022-10-30","SEA","NYG",27,13,"SEA","home"
"2022_08_PIT_PHI",2022,8,"2022-10-30","PHI","PIT",35,13,"PHI","home"
"2022_08_SF_LA",2022,8,"2022-10-30","LA","SF",14,31,"SF","away"
"2022_08_TEN_HOU",2022,8,"2022-10-30","HOU","TEN",10,17,"TEN","away"
"2022_08_WAS_IND",2022,8,"2022-10-30","IND","WAS",16,17,"WAS","away"
"2022_09_BAL_NO",2022,9,"2022-11-07","NO","BAL",13,27,"BAL","away"
"2022_09_BUF_NYJ",2022,9,"2022-11-06","NYJ","BUF",20,17,"NYJ","home"
"2022_09_CAR_CIN",2022,9,"2022-11-06","CIN","CAR",42,21,"CIN","home"
"2022_09_GB_DET",2022,9,"2022-11-06","DET","GB",15,9,"DET","home"
"2022_09_IND_NE",2022,9,"2022-11-06","NE","IND",26,3,"NE","home"
"2022_09_LAC_ATL",2022,9,"2022-11-06","ATL","LAC",17,20,"LAC","away"
"2022_09_LA_TB",2022,9,"2022-11-06","TB","LA",16,13,"TB","home"
"2022_09_LV_JAX",2022,9,"2022-11-06","JAX","LV",27,20,"JAX","home"
"2022_09_MIA_CHI",2022,9,"2022-11-06","CHI","MIA",32,35,"MIA","away"
"2022_09_MIN_WAS",2022,9,"2022-11-06","WAS","MIN",17,20,"MIN","away"
"2022_09_PHI_HOU",2022,9,"2022-11-03","HOU","PHI",17,29,"PHI","away"
"2022_09_SEA_ARI",2022,9,"2022-11-06","ARI","SEA",21,31,"SEA","away"
"2022_09_TEN_KC",2022,9,"2022-11-06","KC","TEN",20,17,"KC","home"
"2022_10_ARI_LA",2022,10,"2022-11-13","LA","ARI",17,27,"ARI","away"
"2022_10_ATL_CAR",2022,10,"2022-11-10","CAR","ATL",25,15,"CAR","home"
"2022_10_CLE_MIA",2022,10,"2022-11-13","MIA","CLE",39,17,"MIA","home"
"2022_10_DAL_GB",2022,10,"2022-11-13","GB","DAL",31,28,"GB","home"
"2022_10_DEN_TEN",2022,10,"2022-11-13","TEN","DEN",17,10,"TEN","home"
"2022_10_DET_CHI",2022,10,"2022-11-13","CHI","DET",30,31,"DET","away"
"2022_10_HOU_NYG",2022,10,"2022-11-13","NYG","HOU",24,16,"NYG","home"
"2022_10_IND_LV",2022,10,"2022-11-13","LV","IND",20,25,"IND","away"
"2022_10_JAX_KC",2022,10,"2022-11-13","KC","JAX",27,17,"KC","home"
"2022_10_LAC_SF",2022,10,"2022-11-13","SF","LAC",22,16,"SF","home"
"2022_10_MIN_BUF",2022,10,"2022-11-13","BUF","MIN",30,33,"MIN","away"
"2022_10_NO_PIT",2022,10,"2022-11-13","PIT","NO",20,10,"PIT","home"
"2022_10_SEA_TB",2022,10,"2022-11-13","TB","SEA",21,16,"TB","home"
"2022_10_WAS_PHI",2022,10,"2022-11-14","PHI","WAS",21,32,"WAS","away"
"2022_11_CAR_BAL",2022,11,"2022-11-20","BAL","CAR",13,3,"BAL","home"
"2022_11_CHI_ATL",2022,11,"2022-11-20","ATL","CHI",27,24,"ATL","home"
"2022_11_CIN_PIT",2022,11,"2022-11-20","PIT","CIN",30,37,"CIN","away"
"2022_11_CLE_BUF",2022,11,"2022-11-20","BUF","CLE",31,23,"BUF","home"
"2022_11_DAL_MIN",2022,11,"2022-11-20","MIN","DAL",3,40,"DAL","away"
"2022_11_DET_NYG",2022,11,"2022-11-20","NYG","DET",18,31,"DET","away"
"2022_11_KC_LAC",2022,11,"2022-11-20","LAC","KC",27,30,"KC","away"
"2022_11_LA_NO",2022,11,"2022-11-20","NO","LA",27,20,"NO","home"
"2022_11_LV_DEN",2022,11,"2022-11-20","DEN","LV",16,22,"LV","away"
"2022_11_NYJ_NE",2022,11,"2022-11-20","NE","NYJ",10,3,"NE","home"
"2022_11_PHI_IND",2022,11,"2022-11-20","IND","PHI",16,17,"PHI","away"
"2022_11_SF_ARI",2022,11,"2022-11-21","ARI","SF",10,38,"SF","away"
"2022_11_TEN_GB",2022,11,"2022-11-17","GB","TEN",17,27,"TEN","away"
"2022_11_WAS_HOU",2022,11,"2022-11-20","HOU","WAS",10,23,"WAS","away"
"2022_12_ATL_WAS",2022,12,"2022-11-27","WAS","ATL",19,13,"WAS","home"
"2022_12_BAL_JAX",2022,12,"2022-11-27","JAX","BAL",28,27,"JAX","home"
"2022_12_BUF_DET",2022,12,"2022-11-24","DET","BUF",25,28,"BUF","away"
"2022_12_CHI_NYJ",2022,12,"2022-11-27","NYJ","CHI",31,10,"NYJ","home"
"2022_12_CIN_TEN",2022,12,"2022-11-27","TEN","CIN",16,20,"CIN","away"
"2022_12_DEN_CAR",2022,12,"2022-11-27","CAR","DEN",23,10,"CAR","home"
"2022_12_GB_PHI",2022,12,"2022-11-27","PHI","GB",40,33,"PHI","home"
"2022_12_HOU_MIA",2022,12,"2022-11-27","MIA","HOU",30,15,"MIA","home"
"2022_12_LAC_ARI",2022,12,"2022-11-27","ARI","LAC",24,25,"LAC","away"
"2022_12_LA_KC",2022,12,"2022-11-27","KC","LA",26,10,"KC","home"
"2022_12_LV_SEA",2022,12,"2022-11-27","SEA","LV",34,40,"LV","away"
"2022_12_NE_MIN",2022,12,"2022-11-24","MIN","NE",33,26,"MIN","home"
"2022_12_NO_SF",2022,12,"2022-11-27","SF","NO",13,0,"SF","home"
"2022_12_NYG_DAL",2022,12,"2022-11-24","DAL","NYG",28,20,"DAL","home"
"2022_12_PIT_IND",2022,12,"2022-11-28","IND","PIT",17,24,"PIT","away"
"2022_12_TB_CLE",2022,12,"2022-11-27","CLE","TB",23,17,"CLE","home"
"2022_13_BUF_NE",2022,13,"2022-12-01","NE","BUF",10,24,"BUF","away"
"2022_13_CLE_HOU",2022,13,"2022-12-04","HOU","CLE",14,27,"CLE","away"
"2022_13_DEN_BAL",2022,13,"2022-12-04","BAL","DEN",10,9,"BAL","home"
"2022_13_GB_CHI",2022,13,"2022-12-04","CHI","GB",19,28,"GB","away"
"2022_13_IND_DAL",2022,13,"2022-12-04","DAL","IND",54,19,"DAL","home"
"2022_13_JAX_DET",2022,13,"2022-12-04","DET","JAX",40,14,"DET","home"
"2022_13_KC_CIN",2022,13,"2022-12-04","CIN","KC",27,24,"CIN","home"
"2022_13_LAC_LV",2022,13,"2022-12-04","LV","LAC",27,20,"LV","home"
"2022_13_MIA_SF",2022,13,"2022-12-04","SF","MIA",33,17,"SF","home"
"2022_13_NO_TB",2022,13,"2022-12-05","TB","NO",17,16,"TB","home"
"2022_13_NYJ_MIN",2022,13,"2022-12-04","MIN","NYJ",27,22,"MIN","home"
"2022_13_PIT_ATL",2022,13,"2022-12-04","ATL","PIT",16,19,"PIT","away"
"2022_13_SEA_LA",2022,13,"2022-12-04","LA","SEA",23,27,"SEA","away"
"2022_13_TEN_PHI",2022,13,"2022-12-04","PHI","TEN",35,10,"PHI","home"
"2022_13_WAS_NYG",2022,13,"2022-12-04","NYG","WAS",20,20,"tie","tie"
"2022_14_BAL_PIT",2022,14,"2022-12-11","PIT","BAL",14,16,"BAL","away"
"2022_14_CAR_SEA",2022,14,"2022-12-11","SEA","CAR",24,30,"CAR","away"
"2022_14_CLE_CIN",2022,14,"2022-12-11","CIN","CLE",23,10,"CIN","home"
"2022_14_HOU_DAL",2022,14,"2022-12-11","DAL","HOU",27,23,"DAL","home"
"2022_14_JAX_TEN",2022,14,"2022-12-11","TEN","JAX",22,36,"JAX","away"
"2022_14_KC_DEN",2022,14,"2022-12-11","DEN","KC",28,34,"KC","away"
"2022_14_LV_LA",2022,14,"2022-12-08","LA","LV",17,16,"LA","home"
"2022_14_MIA_LAC",2022,14,"2022-12-11","LAC","MIA",23,17,"LAC","home"
"2022_14_MIN_DET",2022,14,"2022-12-11","DET","MIN",34,23,"DET","home"
"2022_14_NE_ARI",2022,14,"2022-12-12","ARI","NE",13,27,"NE","away"
"2022_14_NYJ_BUF",2022,14,"2022-12-11","BUF","NYJ",20,12,"BUF","home"
"2022_14_PHI_NYG",2022,14,"2022-12-11","NYG","PHI",22,48,"PHI","away"
"2022_14_TB_SF",2022,14,"2022-12-11","SF","TB",35,7,"SF","home"
"2022_15_ARI_DEN",2022,15,"2022-12-18","DEN","ARI",24,15,"DEN","home"
"2022_15_ATL_NO",2022,15,"2022-12-18","NO","ATL",21,18,"NO","home"
"2022_15_BAL_CLE",2022,15,"2022-12-17","CLE","BAL",13,3,"CLE","home"
"2022_15_CIN_TB",2022,15,"2022-12-18","TB","CIN",23,34,"CIN","away"
"2022_15_DAL_JAX",2022,15,"2022-12-18","JAX","DAL",40,34,"JAX","home"
"2022_15_DET_NYJ",2022,15,"2022-12-18","NYJ","DET",17,20,"DET","away"
"2022_15_IND_MIN",2022,15,"2022-12-17","MIN","IND",39,36,"MIN","home"
"2022_15_KC_HOU",2022,15,"2022-12-18","HOU","KC",24,30,"KC","away"
"2022_15_LA_GB",2022,15,"2022-12-19","GB","LA",24,12,"GB","home"
"2022_15_MIA_BUF",2022,15,"2022-12-17","BUF","MIA",32,29,"BUF","home"
"2022_15_NE_LV",2022,15,"2022-12-18","LV","NE",30,24,"LV","home"
"2022_15_NYG_WAS",2022,15,"2022-12-18","WAS","NYG",12,20,"NYG","away"
"2022_15_PHI_CHI",2022,15,"2022-12-18","CHI","PHI",20,25,"PHI","away"
"2022_15_PIT_CAR",2022,15,"2022-12-18","CAR","PIT",16,24,"PIT","away"
"2022_15_SF_SEA",2022,15,"2022-12-15","SEA","SF",13,21,"SF","away"
"2022_15_TEN_LAC",2022,15,"2022-12-18","LAC","TEN",17,14,"LAC","home"
"2022_16_ATL_BAL",2022,16,"2022-12-24","BAL","ATL",17,9,"BAL","home"
"2022_16_BUF_CHI",2022,16,"2022-12-24","CHI","BUF",13,35,"BUF","away"
"2022_16_CIN_NE",2022,16,"2022-12-24","NE","CIN",18,22,"CIN","away"
"2022_16_DEN_LA",2022,16,"2022-12-25","LA","DEN",51,14,"LA","home"
"2022_16_DET_CAR",2022,16,"2022-12-24","CAR","DET",37,23,"CAR","home"
"2022_16_GB_MIA",2022,16,"2022-12-25","MIA","GB",20,26,"GB","away"
"2022_16_HOU_TEN",2022,16,"2022-12-24","TEN","HOU",14,19,"HOU","away"
"2022_16_JAX_NYJ",2022,16,"2022-12-22","NYJ","JAX",3,19,"JAX","away"
"2022_16_LAC_IND",2022,16,"2022-12-26","IND","LAC",3,20,"LAC","away"
"2022_16_LV_PIT",2022,16,"2022-12-24","PIT","LV",13,10,"PIT","home"
"2022_16_NO_CLE",2022,16,"2022-12-24","CLE","NO",10,17,"NO","away"
"2022_16_NYG_MIN",2022,16,"2022-12-24","MIN","NYG",27,24,"MIN","home"
"2022_16_PHI_DAL",2022,16,"2022-12-24","DAL","PHI",40,34,"DAL","home"
"2022_16_SEA_KC",2022,16,"2022-12-24","KC","SEA",24,10,"KC","home"
"2022_16_TB_ARI",2022,16,"2022-12-25","ARI","TB",16,19,"TB","away"
"2022_16_WAS_SF",2022,16,"2022-12-24","SF","WAS",37,20,"SF","home"
"2022_17_ARI_ATL",2022,17,"2023-01-01","ATL","ARI",20,19,"ATL","home"
"2022_17_CAR_TB",2022,17,"2023-01-01","TB","CAR",30,24,"TB","home"
"2022_17_CHI_DET",2022,17,"2023-01-01","DET","CHI",41,10,"DET","home"
"2022_17_CLE_WAS",2022,17,"2023-01-01","WAS","CLE",10,24,"CLE","away"
"2022_17_DAL_TEN",2022,17,"2022-12-29","TEN","DAL",13,27,"DAL","away"
"2022_17_DEN_KC",2022,17,"2023-01-01","KC","DEN",27,24,"KC","home"
"2022_17_IND_NYG",2022,17,"2023-01-01","NYG","IND",38,10,"NYG","home"
"2022_17_JAX_HOU",2022,17,"2023-01-01","HOU","JAX",3,31,"JAX","away"
"2022_17_LA_LAC",2022,17,"2023-01-01","LAC","LA",31,10,"LAC","home"
"2022_17_MIA_NE",2022,17,"2023-01-01","NE","MIA",23,21,"NE","home"
"2022_17_MIN_GB",2022,17,"2023-01-01","GB","MIN",41,17,"GB","home"
"2022_17_NO_PHI",2022,17,"2023-01-01","PHI","NO",10,20,"NO","away"
"2022_17_NYJ_SEA",2022,17,"2023-01-01","SEA","NYJ",23,6,"SEA","home"
"2022_17_PIT_BAL",2022,17,"2023-01-01","BAL","PIT",13,16,"PIT","away"
"2022_17_SF_LV",2022,17,"2023-01-01","LV","SF",34,37,"SF","away"
"2022_18_ARI_SF",2022,18,"2023-01-08","SF","ARI",38,13,"SF","home"
"2022_18_BAL_CIN",2022,18,"2023-01-08","CIN","BAL",27,16,"CIN","home"
"2022_18_CAR_NO",2022,18,"2023-01-08","NO","CAR",7,10,"CAR","away"
"2022_18_CLE_PIT",2022,18,"2023-01-08","PIT","CLE",28,14,"PIT","home"
"2022_18_DAL_WAS",2022,18,"2023-01-08","WAS","DAL",26,6,"WAS","home"
"2022_18_DET_GB",2022,18,"2023-01-08","GB","DET",16,20,"DET","away"
"2022_18_HOU_IND",2022,18,"2023-01-08","IND","HOU",31,32,"HOU","away"
"2022_18_KC_LV",2022,18,"2023-01-07","LV","KC",13,31,"KC","away"
"2022_18_LAC_DEN",2022,18,"2023-01-08","DEN","LAC",31,28,"DEN","home"
"2022_18_LA_SEA",2022,18,"2023-01-08","SEA","LA",19,16,"SEA","home"
"2022_18_MIN_CHI",2022,18,"2023-01-08","CHI","MIN",13,29,"MIN","away"
"2022_18_NE_BUF",2022,18,"2023-01-08","BUF","NE",35,23,"BUF","home"
"2022_18_NYG_PHI",2022,18,"2023-01-08","PHI","NYG",22,16,"PHI","home"
"2022_18_NYJ_MIA",2022,18,"2023-01-08","MIA","NYJ",11,6,"MIA","home"
"2022_18_TB_ATL",2022,18,"2023-01-08","ATL","TB",30,17,"ATL","home"
"2022_18_TEN_JAX",2022,18,"2023-01-07","JAX","TEN",20,16,"JAX","home"
"2022_19_BAL_CIN",2022,19,"2023-01-15","CIN","BAL",24,17,"CIN","home"
"2022_19_DAL_TB",2022,19,"2023-01-16","TB","DAL",14,31,"DAL","away"
"2022_19_LAC_JAX",2022,19,"2023-01-14","JAX","LAC",31,30,"JAX","home"
"2022_19_MIA_BUF",2022,19,"2023-01-15","BUF","MIA",34,31,"BUF","home"
"2022_19_NYG_MIN",2022,19,"2023-01-15","MIN","NYG",24,31,"NYG","away"
"2022_19_SEA_SF",2022,19,"2023-01-14","SF","SEA",41,23,"SF","home"
"2022_20_CIN_BUF",2022,20,"2023-01-22","BUF","CIN",10,27,"CIN","away"
"2022_20_DAL_SF",2022,20,"2023-01-22","SF","DAL",19,12,"SF","home"
"2022_20_JAX_KC",2022,20,"2023-01-21","KC","JAX",27,20,"KC","home"
"2022_20_NYG_PHI",2022,20,"2023-01-21","PHI","NYG",38,7,"PHI","home"
"2022_21_CIN_KC",2022,21,"2023-01-29","KC","CIN",23,20,"KC","home"
"2022_21_SF_PHI",2022,21,"2023-01-29","PHI","SF",31,7,"PHI","home"
"2022_22_KC_PHI",2022,22,"2023-02-12","PHI","KC",35,38,"KC","away"
"2023_01_ARI_WAS",2023,1,"2023-09-10","WAS","ARI",20,16,"WAS","home"
"2023_01_BUF_NYJ",2023,1,"2023-09-11","NYJ","BUF",22,16,"NYJ","home"
"2023_01_CAR_ATL",2023,1,"2023-09-10","ATL","CAR",24,10,"ATL","home"
"2023_01_CIN_CLE",2023,1,"2023-09-10","CLE","CIN",24,3,"CLE","home"
"2023_01_DAL_NYG",2023,1,"2023-09-10","NYG","DAL",0,40,"DAL","away"
"2023_01_DET_KC",2023,1,"2023-09-07","KC","DET",20,21,"DET","away"
"2023_01_GB_CHI",2023,1,"2023-09-10","CHI","GB",20,38,"GB","away"
"2023_01_HOU_BAL",2023,1,"2023-09-10","BAL","HOU",25,9,"BAL","home"
"2023_01_JAX_IND",2023,1,"2023-09-10","IND","JAX",21,31,"JAX","away"
"2023_01_LA_SEA",2023,1,"2023-09-10","SEA","LA",13,30,"LA","away"
"2023_01_LV_DEN",2023,1,"2023-09-10","DEN","LV",16,17,"LV","away"
"2023_01_MIA_LAC",2023,1,"2023-09-10","LAC","MIA",34,36,"MIA","away"
"2023_01_PHI_NE",2023,1,"2023-09-10","NE","PHI",20,25,"PHI","away"
"2023_01_SF_PIT",2023,1,"2023-09-10","PIT","SF",7,30,"SF","away"
"2023_01_TB_MIN",2023,1,"2023-09-10","MIN","TB",17,20,"TB","away"
"2023_01_TEN_NO",2023,1,"2023-09-10","NO","TEN",16,15,"NO","home"
"2023_02_BAL_CIN",2023,2,"2023-09-17","CIN","BAL",24,27,"BAL","away"
"2023_02_CHI_TB",2023,2,"2023-09-17","TB","CHI",27,17,"TB","home"
"2023_02_CLE_PIT",2023,2,"2023-09-18","PIT","CLE",26,22,"PIT","home"
"2023_02_GB_ATL",2023,2,"2023-09-17","ATL","GB",25,24,"ATL","home"
"2023_02_IND_HOU",2023,2,"2023-09-17","HOU","IND",20,31,"IND","away"
"2023_02_KC_JAX",2023,2,"2023-09-17","JAX","KC",9,17,"KC","away"
"2023_02_LAC_TEN",2023,2,"2023-09-17","TEN","LAC",27,24,"TEN","home"
"2023_02_LV_BUF",2023,2,"2023-09-17","BUF","LV",38,10,"BUF","home"
"2023_02_MIA_NE",2023,2,"2023-09-17","NE","MIA",17,24,"MIA","away"
"2023_02_MIN_PHI",2023,2,"2023-09-14","PHI","MIN",34,28,"PHI","home"
"2023_02_NO_CAR",2023,2,"2023-09-18","CAR","NO",17,20,"NO","away"
"2023_02_NYG_ARI",2023,2,"2023-09-17","ARI","NYG",28,31,"NYG","away"
"2023_02_NYJ_DAL",2023,2,"2023-09-17","DAL","NYJ",30,10,"DAL","home"
"2023_02_SEA_DET",2023,2,"2023-09-17","DET","SEA",31,37,"SEA","away"
"2023_02_SF_LA",2023,2,"2023-09-17","LA","SF",23,30,"SF","away"
"2023_02_WAS_DEN",2023,2,"2023-09-17","DEN","WAS",33,35,"WAS","away"
"2023_03_ATL_DET",2023,3,"2023-09-24","DET","ATL",20,6,"DET","home"
"2023_03_BUF_WAS",2023,3,"2023-09-24","WAS","BUF",3,37,"BUF","away"
"2023_03_CAR_SEA",2023,3,"2023-09-24","SEA","CAR",37,27,"SEA","home"
"2023_03_CHI_KC",2023,3,"2023-09-24","KC","CHI",41,10,"KC","home"
"2023_03_DAL_ARI",2023,3,"2023-09-24","ARI","DAL",28,16,"ARI","home"
"2023_03_DEN_MIA",2023,3,"2023-09-24","MIA","DEN",70,20,"MIA","home"
"2023_03_HOU_JAX",2023,3,"2023-09-24","JAX","HOU",17,37,"HOU","away"
"2023_03_IND_BAL",2023,3,"2023-09-24","BAL","IND",19,22,"IND","away"
"2023_03_LAC_MIN",2023,3,"2023-09-24","MIN","LAC",24,28,"LAC","away"
"2023_03_LA_CIN",2023,3,"2023-09-25","CIN","LA",19,16,"CIN","home"
"2023_03_NE_NYJ",2023,3,"2023-09-24","NYJ","NE",10,15,"NE","away"
"2023_03_NO_GB",2023,3,"2023-09-24","GB","NO",18,17,"GB","home"
"2023_03_NYG_SF",2023,3,"2023-09-21","SF","NYG",30,12,"SF","home"
"2023_03_PHI_TB",2023,3,"2023-09-25","TB","PHI",11,25,"PHI","away"
"2023_03_PIT_LV",2023,3,"2023-09-24","LV","PIT",18,23,"PIT","away"
"2023_03_TEN_CLE",2023,3,"2023-09-24","CLE","TEN",27,3,"CLE","home"
"2023_04_ARI_SF",2023,4,"2023-10-01","SF","ARI",35,16,"SF","home"
"2023_04_ATL_JAX",2023,4,"2023-10-01","JAX","ATL",23,7,"JAX","home"
"2023_04_BAL_CLE",2023,4,"2023-10-01","CLE","BAL",3,28,"BAL","away"
"2023_04_CIN_TEN",2023,4,"2023-10-01","TEN","CIN",27,3,"TEN","home"
"2023_04_DEN_CHI",2023,4,"2023-10-01","CHI","DEN",28,31,"DEN","away"
"2023_04_DET_GB",2023,4,"2023-09-28","GB","DET",20,34,"DET","away"
"2023_04_KC_NYJ",2023,4,"2023-10-01","NYJ","KC",20,23,"KC","away"
"2023_04_LA_IND",2023,4,"2023-10-01","IND","LA",23,29,"LA","away"
"2023_04_LV_LAC",2023,4,"2023-10-01","LAC","LV",24,17,"LAC","home"
"2023_04_MIA_BUF",2023,4,"2023-10-01","BUF","MIA",48,20,"BUF","home"
"2023_04_MIN_CAR",2023,4,"2023-10-01","CAR","MIN",13,21,"MIN","away"
"2023_04_NE_DAL",2023,4,"2023-10-01","DAL","NE",38,3,"DAL","home"
"2023_04_PIT_HOU",2023,4,"2023-10-01","HOU","PIT",30,6,"HOU","home"
"2023_04_SEA_NYG",2023,4,"2023-10-02","NYG","SEA",3,24,"SEA","away"
"2023_04_TB_NO",2023,4,"2023-10-01","NO","TB",9,26,"TB","away"
"2023_04_WAS_PHI",2023,4,"2023-10-01","PHI","WAS",34,31,"PHI","home"
"2023_05_BAL_PIT",2023,5,"2023-10-08","PIT","BAL",17,10,"PIT","home"
"2023_05_CAR_DET",2023,5,"2023-10-08","DET","CAR",42,24,"DET","home"
"2023_05_CHI_WAS",2023,5,"2023-10-05","WAS","CHI",20,40,"CHI","away"
"2023_05_CIN_ARI",2023,5,"2023-10-08","ARI","CIN",20,34,"CIN","away"
"2023_05_DAL_SF",2023,5,"2023-10-08","SF","DAL",42,10,"SF","home"
"2023_05_GB_LV",2023,5,"2023-10-09","LV","GB",17,13,"LV","home"
"2023_05_HOU_ATL",2023,5,"2023-10-08","ATL","HOU",21,19,"ATL","home"
"2023_05_JAX_BUF",2023,5,"2023-10-08","BUF","JAX",20,25,"JAX","away"
"2023_05_KC_MIN",2023,5,"2023-10-08","MIN","KC",20,27,"KC","away"
"2023_05_NO_NE",2023,5,"2023-10-08","NE","NO",0,34,"NO","away"
"2023_05_NYG_MIA",2023,5,"2023-10-08","MIA","NYG",31,16,"MIA","home"
"2023_05_NYJ_DEN",2023,5,"2023-10-08","DEN","NYJ",21,31,"NYJ","away"
"2023_05_PHI_LA",2023,5,"2023-10-08","LA","PHI",14,23,"PHI","away"
"2023_05_TEN_IND",2023,5,"2023-10-08","IND","TEN",23,16,"IND","home"
"2023_06_ARI_LA",2023,6,"2023-10-15","LA","ARI",26,9,"LA","home"
"2023_06_BAL_TEN",2023,6,"2023-10-15","TEN","BAL",16,24,"BAL","away"
"2023_06_CAR_MIA",2023,6,"2023-10-15","MIA","CAR",42,21,"MIA","home"
"2023_06_DAL_LAC",2023,6,"2023-10-16","LAC","DAL",17,20,"DAL","away"
"2023_06_DEN_KC",2023,6,"2023-10-12","KC","DEN",19,8,"KC","home"
"2023_06_DET_TB",2023,6,"2023-10-15","TB","DET",6,20,"DET","away"
"2023_06_IND_JAX",2023,6,"2023-10-15","JAX","IND",37,20,"JAX","home"
"2023_06_MIN_CHI",2023,6,"2023-10-15","CHI","MIN",13,19,"MIN","away"
"2023_06_NE_LV",2023,6,"2023-10-15","LV","NE",21,17,"LV","home"
"2023_06_NO_HOU",2023,6,"2023-10-15","HOU","NO",20,13,"HOU","home"
"2023_06_NYG_BUF",2023,6,"2023-10-15","BUF","NYG",14,9,"BUF","home"
"2023_06_PHI_NYJ",2023,6,"2023-10-15","NYJ","PHI",20,14,"NYJ","home"
"2023_06_SEA_CIN",2023,6,"2023-10-15","CIN","SEA",17,13,"CIN","home"
"2023_06_SF_CLE",2023,6,"2023-10-15","CLE","SF",19,17,"CLE","home"
"2023_06_WAS_ATL",2023,6,"2023-10-15","ATL","WAS",16,24,"WAS","away"
"2023_07_ARI_SEA",2023,7,"2023-10-22","SEA","ARI",20,10,"SEA","home"
"2023_07_ATL_TB",2023,7,"2023-10-22","TB","ATL",13,16,"ATL","away"
"2023_07_BUF_NE",2023,7,"2023-10-22","NE","BUF",29,25,"NE","home"
"2023_07_CLE_IND",2023,7,"2023-10-22","IND","CLE",38,39,"CLE","away"
"2023_07_DET_BAL",2023,7,"2023-10-22","BAL","DET",38,6,"BAL","home"
"2023_07_GB_DEN",2023,7,"2023-10-22","DEN","GB",19,17,"DEN","home"
"2023_07_JAX_NO",2023,7,"2023-10-19","NO","JAX",24,31,"JAX","away"
"2023_07_LAC_KC",2023,7,"2023-10-22","KC","LAC",31,17,"KC","home"
"2023_07_LV_CHI",2023,7,"2023-10-22","CHI","LV",30,12,"CHI","home"
"2023_07_MIA_PHI",2023,7,"2023-10-22","PHI","MIA",31,17,"PHI","home"
"2023_07_PIT_LA",2023,7,"2023-10-22","LA","PIT",17,24,"PIT","away"
"2023_07_SF_MIN",2023,7,"2023-10-23","MIN","SF",22,17,"MIN","home"
"2023_07_WAS_NYG",2023,7,"2023-10-22","NYG","WAS",14,7,"NYG","home"
"2023_08_ATL_TEN",2023,8,"2023-10-29","TEN","ATL",28,23,"TEN","home"
"2023_08_BAL_ARI",2023,8,"2023-10-29","ARI","BAL",24,31,"BAL","away"
"2023_08_CHI_LAC",2023,8,"2023-10-29","LAC","CHI",30,13,"LAC","home"
"2023_08_CIN_SF",2023,8,"2023-10-29","SF","CIN",17,31,"CIN","away"
"2023_08_CLE_SEA",2023,8,"2023-10-29","SEA","CLE",24,20,"SEA","home"
"2023_08_HOU_CAR",2023,8,"2023-10-29","CAR","HOU",15,13,"CAR","home"
"2023_08_JAX_PIT",2023,8,"2023-10-29","PIT","JAX",10,20,"JAX","away"
"2023_08_KC_DEN",2023,8,"2023-10-29","DEN","KC",24,9,"DEN","home"
"2023_08_LA_DAL",2023,8,"2023-10-29","DAL","LA",43,20,"DAL","home"
"2023_08_LV_DET",2023,8,"2023-10-30","DET","LV",26,14,"DET","home"
"2023_08_MIN_GB",2023,8,"2023-10-29","GB","MIN",10,24,"MIN","away"
"2023_08_NE_MIA",2023,8,"2023-10-29","MIA","NE",31,17,"MIA","home"
"2023_08_NO_IND",2023,8,"2023-10-29","IND","NO",27,38,"NO","away"
"2023_08_NYJ_NYG",2023,8,"2023-10-29","NYG","NYJ",10,13,"NYJ","away"
"2023_08_PHI_WAS",2023,8,"2023-10-29","WAS","PHI",31,38,"PHI","away"
"2023_08_TB_BUF",2023,8,"2023-10-26","BUF","TB",24,18,"BUF","home"
"2023_09_ARI_CLE",2023,9,"2023-11-05","CLE","ARI",27,0,"CLE","home"
"2023_09_BUF_CIN",2023,9,"2023-11-05","CIN","BUF",24,18,"CIN","home"
"2023_09_CHI_NO",2023,9,"2023-11-05","NO","CHI",24,17,"NO","home"
"2023_09_DAL_PHI",2023,9,"2023-11-05","PHI","DAL",28,23,"PHI","home"
"2023_09_IND_CAR",2023,9,"2023-11-05","CAR","IND",13,27,"IND","away"
"2023_09_LAC_NYJ",2023,9,"2023-11-06","NYJ","LAC",6,27,"LAC","away"
"2023_09_LA_GB",2023,9,"2023-11-05","GB","LA",20,3,"GB","home"
"2023_09_MIA_KC",2023,9,"2023-11-05","KC","MIA",21,14,"KC","home"
"2023_09_MIN_ATL",2023,9,"2023-11-05","ATL","MIN",28,31,"MIN","away"
"2023_09_NYG_LV",2023,9,"2023-11-05","LV","NYG",30,6,"LV","home"
"2023_09_SEA_BAL",2023,9,"2023-11-05","BAL","SEA",37,3,"BAL","home"
"2023_09_TB_HOU",2023,9,"2023-11-05","HOU","TB",39,37,"HOU","home"
"2023_09_TEN_PIT",2023,9,"2023-11-02","PIT","TEN",20,16,"PIT","home"
"2023_09_WAS_NE",2023,9,"2023-11-05","NE","WAS",17,20,"WAS","away"
"2023_10_ATL_ARI",2023,10,"2023-11-12","ARI","ATL",25,23,"ARI","home"
"2023_10_CAR_CHI",2023,10,"2023-11-09","CHI","CAR",16,13,"CHI","home"
"2023_10_CLE_BAL",2023,10,"2023-11-12","BAL","CLE",31,33,"CLE","away"
"2023_10_DEN_BUF",2023,10,"2023-11-13","BUF","DEN",22,24,"DEN","away"
"2023_10_DET_LAC",2023,10,"2023-11-12","LAC","DET",38,41,"DET","away"
"2023_10_GB_PIT",2023,10,"2023-11-12","PIT","GB",23,19,"PIT","home"
"2023_10_HOU_CIN",2023,10,"2023-11-12","CIN","HOU",27,30,"HOU","away"
"2023_10_IND_NE",2023,10,"2023-11-12","NE","IND",6,10,"IND","away"
"2023_10_NO_MIN",2023,10,"2023-11-12","MIN","NO",27,19,"MIN","home"
"2023_10_NYG_DAL",2023,10,"2023-11-12","DAL","NYG",49,17,"DAL","home"
"2023_10_NYJ_LV",2023,10,"2023-11-12","LV","NYJ",16,12,"LV","home"
"2023_10_SF_JAX",2023,10,"2023-11-12","JAX","SF",3,34,"SF","away"
"2023_10_TEN_TB",2023,10,"2023-11-12","TB","TEN",20,6,"TB","home"
"2023_10_WAS_SEA",2023,10,"2023-11-12","SEA","WAS",29,26,"SEA","home"
"2023_11_ARI_HOU",2023,11,"2023-11-19","HOU","ARI",21,16,"HOU","home"
"2023_11_CHI_DET",2023,11,"2023-11-19","DET","CHI",31,26,"DET","home"
"2023_11_CIN_BAL",2023,11,"2023-11-16","BAL","CIN",34,20,"BAL","home"
"2023_11_DAL_CAR",2023,11,"2023-11-19","CAR","DAL",10,33,"DAL","away"
"2023_11_LAC_GB",2023,11,"2023-11-19","GB","LAC",23,20,"GB","home"
"2023_11_LV_MIA",2023,11,"2023-11-19","MIA","LV",20,13,"MIA","home"
"2023_11_MIN_DEN",2023,11,"2023-11-19","DEN","MIN",21,20,"DEN","home"
"2023_11_NYG_WAS",2023,11,"2023-11-19","WAS","NYG",19,31,"NYG","away"
"2023_11_NYJ_BUF",2023,11,"2023-11-19","BUF","NYJ",32,6,"BUF","home"
"2023_11_PHI_KC",2023,11,"2023-11-20","KC","PHI",17,21,"PHI","away"
"2023_11_PIT_CLE",2023,11,"2023-11-19","CLE","PIT",13,10,"CLE","home"
"2023_11_SEA_LA",2023,11,"2023-11-19","LA","SEA",17,16,"LA","home"
"2023_11_TB_SF",2023,11,"2023-11-19","SF","TB",27,14,"SF","home"
"2023_11_TEN_JAX",2023,11,"2023-11-19","JAX","TEN",34,14,"JAX","home"
"2023_12_BAL_LAC",2023,12,"2023-11-26","LAC","BAL",10,20,"BAL","away"
"2023_12_BUF_PHI",2023,12,"2023-11-26","PHI","BUF",37,34,"PHI","home"
"2023_12_CAR_TEN",2023,12,"2023-11-26","TEN","CAR",17,10,"TEN","home"
"2023_12_CHI_MIN",2023,12,"2023-11-27","MIN","CHI",10,12,"CHI","away"
"2023_12_CLE_DEN",2023,12,"2023-11-26","DEN","CLE",29,12,"DEN","home"
"2023_12_GB_DET",2023,12,"2023-11-23","DET","GB",22,29,"GB","away"
"2023_12_JAX_HOU",2023,12,"2023-11-26","HOU","JAX",21,24,"JAX","away"
"2023_12_KC_LV",2023,12,"2023-11-26","LV","KC",17,31,"KC","away"
"2023_12_LA_ARI",2023,12,"2023-11-26","ARI","LA",14,37,"LA","away"
"2023_12_MIA_NYJ",2023,12,"2023-11-24","NYJ","MIA",13,34,"MIA","away"
"2023_12_NE_NYG",2023,12,"2023-11-26","NYG","NE",10,7,"NYG","home"
"2023_12_NO_ATL",2023,12,"2023-11-26","ATL","NO",24,15,"ATL","home"
"2023_12_PIT_CIN",2023,12,"2023-11-26","CIN","PIT",10,16,"PIT","away"
"2023_12_SF_SEA",2023,12,"2023-11-23","SEA","SF",13,31,"SF","away"
"2023_12_TB_IND",2023,12,"2023-11-26","IND","TB",27,20,"IND","home"
"2023_12_WAS_DAL",2023,12,"2023-11-23","DAL","WAS",45,10,"DAL","home"
"2023_13_ARI_PIT",2023,13,"2023-12-03","PIT","ARI",10,24,"ARI","away"
"2023_13_ATL_NYJ",2023,13,"2023-12-03","NYJ","ATL",8,13,"ATL","away"
"2023_13_CAR_TB",2023,13,"2023-12-03","TB","CAR",21,18,"TB","home"
"2023_13_CIN_JAX",2023,13,"2023-12-04","JAX","CIN",31,34,"CIN","away"
"2023_13_CLE_LA",2023,13,"2023-12-03","LA","CLE",36,19,"LA","home"
"2023_13_DEN_HOU",2023,13,"2023-12-03","HOU","DEN",22,17,"HOU","home"
"2023_13_DET_NO",2023,13,"2023-12-03","NO","DET",28,33,"DET","away"
"2023_13_IND_TEN",2023,13,"2023-12-03","TEN","IND",28,31,"IND","away"
"2023_13_KC_GB",2023,13,"2023-12-03","GB","KC",27,19,"GB","home"
"2023_13_LAC_NE",2023,13,"2023-12-03","NE","LAC",0,6,"LAC","away"
"2023_13_MIA_WAS",2023,13,"2023-12-03","WAS","MIA",15,45,"MIA","away"
"2023_13_SEA_DAL",2023,13,"2023-11-30","DAL","SEA",41,35,"DAL","home"
"2023_13_SF_PHI",2023,13,"2023-12-03","PHI","SF",19,42,"SF","away"
"2023_14_BUF_KC",2023,14,"2023-12-10","KC","BUF",17,20,"BUF","away"
"2023_14_CAR_NO",2023,14,"2023-12-10","NO","CAR",28,6,"NO","home"
"2023_14_DEN_LAC",2023,14,"2023-12-10","LAC","DEN",7,24,"DEN","away"
"2023_14_DET_CHI",2023,14,"2023-12-10","CHI","DET",28,13,"CHI","home"
"2023_14_GB_NYG",2023,14,"2023-12-11","NYG","GB",24,22,"NYG","home"
"2023_14_HOU_NYJ",2023,14,"2023-12-10","NYJ","HOU",30,6,"NYJ","home"
"2023_14_IND_CIN",2023,14,"2023-12-10","CIN","IND",34,14,"CIN","home"
"2023_14_JAX_CLE",2023,14,"2023-12-10","CLE","JAX",31,27,"CLE","home"
"2023_14_LA_BAL",2023,14,"2023-12-10","BAL","LA",37,31,"BAL","home"
"2023_14_MIN_LV",2023,14,"2023-12-10","LV","MIN",0,3,"MIN","away"
"2023_14_NE_PIT",2023,14,"2023-12-07","PIT","NE",18,21,"NE","away"
"2023_14_PHI_DAL",2023,14,"2023-12-10","DAL","PHI",33,13,"DAL","home"
"2023_14_SEA_SF",2023,14,"2023-12-10","SF","SEA",28,16,"SF","home"
"2023_14_TB_ATL",2023,14,"2023-12-10","ATL","TB",25,29,"TB","away"
"2023_14_TEN_MIA",2023,14,"2023-12-11","MIA","TEN",27,28,"TEN","away"
"2023_15_ATL_CAR",2023,15,"2023-12-17","CAR","ATL",9,7,"CAR","home"
"2023_15_BAL_JAX",2023,15,"2023-12-17","JAX","BAL",7,23,"BAL","away"
"2023_15_CHI_CLE",2023,15,"2023-12-17","CLE","CHI",20,17,"CLE","home"
"2023_15_DAL_BUF",2023,15,"2023-12-17","BUF","DAL",31,10,"BUF","home"
"2023_15_DEN_DET",2023,15,"2023-12-16","DET","DEN",42,17,"DET","home"
"2023_15_HOU_TEN",2023,15,"2023-12-17","TEN","HOU",16,19,"HOU","away"
"2023_15_KC_NE",2023,15,"2023-12-17","NE","KC",17,27,"KC","away"
"2023_15_LAC_LV",2023,15,"2023-12-14","LV","LAC",63,21,"LV","home"
"2023_15_MIN_CIN",2023,15,"2023-12-16","CIN","MIN",27,24,"CIN","home"
"2023_15_NYG_NO",2023,15,"2023-12-17","NO","NYG",24,6,"NO","home"
"2023_15_NYJ_MIA",2023,15,"2023-12-17","MIA","NYJ",30,0,"MIA","home"
"2023_15_PHI_SEA",2023,15,"2023-12-18","SEA","PHI",20,17,"SEA","home"
"2023_15_PIT_IND",2023,15,"2023-12-16","IND","PIT",30,13,"IND","home"
"2023_15_SF_ARI",2023,15,"2023-12-17","ARI","SF",29,45,"SF","away"
"2023_15_TB_GB",2023,15,"2023-12-17","GB","TB",20,34,"TB","away"
"2023_15_WAS_LA",2023,15,"2023-12-17","LA","WAS",28,20,"LA","home"
"2023_16_ARI_CHI",2023,16,"2023-12-24","CHI","ARI",27,16,"CHI","home"
"2023_16_BAL_SF",2023,16,"2023-12-25","SF","BAL",19,33,"BAL","away"
"2023_16_BUF_LAC",2023,16,"2023-12-23","LAC","BUF",22,24,"BUF","away"
"2023_16_CIN_PIT",2023,16,"2023-12-23","PIT","CIN",34,11,"PIT","home"
"2023_16_CLE_HOU",2023,16,"2023-12-24","HOU","CLE",22,36,"CLE","away"
"2023_16_DAL_MIA",2023,16,"2023-12-24","MIA","DAL",22,20,"MIA","home"
"2023_16_DET_MIN",2023,16,"2023-12-24","MIN","DET",24,30,"DET","away"
"2023_16_GB_CAR",2023,16,"2023-12-24","CAR","GB",30,33,"GB","away"
"2023_16_IND_ATL",2023,16,"2023-12-24","ATL","IND",29,10,"ATL","home"
"2023_16_JAX_TB",2023,16,"2023-12-24","TB","JAX",30,12,"TB","home"
"2023_16_LV_KC",2023,16,"2023-12-25","KC","LV",14,20,"LV","away"
"2023_16_NE_DEN",2023,16,"2023-12-24","DEN","NE",23,26,"NE","away"
"2023_16_NO_LA",2023,16,"2023-12-21","LA","NO",30,22,"LA","home"
"2023_16_NYG_PHI",2023,16,"2023-12-25","PHI","NYG",33,25,"PHI","home"
"2023_16_SEA_TEN",2023,16,"2023-12-24","TEN","SEA",17,20,"SEA","away"
"2023_16_WAS_NYJ",2023,16,"2023-12-24","NYJ","WAS",30,28,"NYJ","home"
"2023_17_ARI_PHI",2023,17,"2023-12-31","PHI","ARI",31,35,"ARI","away"
"2023_17_ATL_CHI",2023,17,"2023-12-31","CHI","ATL",37,17,"CHI","home"
"2023_17_CAR_JAX",2023,17,"2023-12-31","JAX","CAR",26,0,"JAX","home"
"2023_17_CIN_KC",2023,17,"2023-12-31","KC","CIN",25,17,"KC","home"
"2023_17_DET_DAL",2023,17,"2023-12-30","DAL","DET",20,19,"DAL","home"
"2023_17_GB_MIN",2023,17,"2023-12-31","MIN","GB",10,33,"GB","away"
"2023_17_LAC_DEN",2023,17,"2023-12-31","DEN","LAC",16,9,"DEN","home"
"2023_17_LA_NYG",2023,17,"2023-12-31","NYG","LA",25,26,"LA","away"
"2023_17_LV_IND",2023,17,"2023-12-31","IND","LV",23,20,"IND","home"
"2023_17_MIA_BAL",2023,17,"2023-12-31","BAL","MIA",56,19,"BAL","home"
"2023_17_NE_BUF",2023,17,"2023-12-31","BUF","NE",27,21,"BUF","home"
"2023_17_NO_TB",2023,17,"2023-12-31","TB","NO",13,23,"NO","away"
"2023_17_NYJ_CLE",2023,17,"2023-12-28","CLE","NYJ",37,20,"CLE","home"
"2023_17_PIT_SEA",2023,17,"2023-12-31","SEA","PIT",23,30,"PIT","away"
"2023_17_SF_WAS",2023,17,"2023-12-31","WAS","SF",10,27,"SF","away"
"2023_17_TEN_HOU",2023,17,"2023-12-31","HOU","TEN",26,3,"HOU","home"
"2023_18_ATL_NO",2023,18,"2024-01-07","NO","ATL",48,17,"NO","home"
"2023_18_BUF_MIA",2023,18,"2024-01-07","MIA","BUF",14,21,"BUF","away"
"2023_18_CHI_GB",2023,18,"2024-01-07","GB","CHI",17,9,"GB","home"
"2023_18_CLE_CIN",2023,18,"2024-01-07","CIN","CLE",31,14,"CIN","home"
"2023_18_DAL_WAS",2023,18,"2024-01-07","WAS","DAL",10,38,"DAL","away"
"2023_18_DEN_LV",2023,18,"2024-01-07","LV","DEN",27,14,"LV","home"
"2023_18_HOU_IND",2023,18,"2024-01-06","IND","HOU",19,23,"HOU","away"
"2023_18_JAX_TEN",2023,18,"2024-01-07","TEN","JAX",28,20,"TEN","home"
"2023_18_KC_LAC",2023,18,"2024-01-07","LAC","KC",12,13,"KC","away"
"2023_18_LA_SF",2023,18,"2024-01-07","SF","LA",20,21,"LA","away"
"2023_18_MIN_DET",2023,18,"2024-01-07","DET","MIN",30,20,"DET","home"
"2023_18_NYJ_NE",2023,18,"2024-01-07","NE","NYJ",3,17,"NYJ","away"
"2023_18_PHI_NYG",2023,18,"2024-01-07","NYG","PHI",27,10,"NYG","home"
"2023_18_PIT_BAL",2023,18,"2024-01-06","BAL","PIT",10,17,"PIT","away"
"2023_18_SEA_ARI",2023,18,"2024-01-07","ARI","SEA",20,21,"SEA","away"
"2023_18_TB_CAR",2023,18,"2024-01-07","CAR","TB",0,9,"TB","away"
"2023_19_CLE_HOU",2023,19,"2024-01-13","HOU","CLE",45,14,"HOU","home"
"2023_19_GB_DAL",2023,19,"2024-01-14","DAL","GB",32,48,"GB","away"
"2023_19_LA_DET",2023,19,"2024-01-14","DET","LA",24,23,"DET","home"
"2023_19_MIA_KC",2023,19,"2024-01-13","KC","MIA",26,7,"KC","home"
"2023_19_PHI_TB",2023,19,"2024-01-15","TB","PHI",32,9,"TB","home"
"2023_19_PIT_BUF",2023,19,"2024-01-15","BUF","PIT",31,17,"BUF","home"
"2023_20_GB_SF",2023,20,"2024-01-20","SF","GB",24,21,"SF","home"
"2023_20_HOU_BAL",2023,20,"2024-01-20","BAL","HOU",34,10,"BAL","home"
"2023_20_KC_BUF",2023,20,"2024-01-21","BUF","KC",24,27,"KC","away"
"2023_20_TB_DET",2023,20,"2024-01-21","DET","TB",31,23,"DET","home"
"2023_21_DET_SF",2023,21,"2024-01-28","SF","DET",34,31,"SF","home"
"2023_21_KC_BAL",2023,21,"2024-01-28","BAL","KC",10,17,"KC","away"
"2023_22_SF_KC",2023,22,"2024-02-11","KC","SF",25,22,"KC","home"
"2024_01_ARI_BUF",2024,1,"2024-09-08","BUF","ARI",34,28,"BUF","home"
"2024_01_BAL_KC",2024,1,"2024-09-05","KC","BAL",27,20,"KC","home"
"2024_01_CAR_NO",2024,1,"2024-09-08","NO","CAR",47,10,"NO","home"
"2024_01_DAL_CLE",2024,1,"2024-09-08","CLE","DAL",17,33,"DAL","away"
"2024_01_DEN_SEA",2024,1,"2024-09-08","SEA","DEN",26,20,"SEA","home"
"2024_01_GB_PHI",2024,1,"2024-09-06","PHI","GB",34,29,"PHI","home"
"2024_01_HOU_IND",2024,1,"2024-09-08","IND","HOU",27,29,"HOU","away"
"2024_01_JAX_MIA",2024,1,"2024-09-08","MIA","JAX",20,17,"MIA","home"
"2024_01_LA_DET",2024,1,"2024-09-08","DET","LA",26,20,"DET","home"
"2024_01_LV_LAC",2024,1,"2024-09-08","LAC","LV",22,10,"LAC","home"
"2024_01_MIN_NYG",2024,1,"2024-09-08","NYG","MIN",6,28,"MIN","away"
"2024_01_NE_CIN",2024,1,"2024-09-08","CIN","NE",10,16,"NE","away"
"2024_01_NYJ_SF",2024,1,"2024-09-09","SF","NYJ",32,19,"SF","home"
"2024_01_PIT_ATL",2024,1,"2024-09-08","ATL","PIT",10,18,"PIT","away"
"2024_01_TEN_CHI",2024,1,"2024-09-08","CHI","TEN",24,17,"CHI","home"
"2024_01_WAS_TB",2024,1,"2024-09-08","TB","WAS",37,20,"TB","home"
"2024_02_ATL_PHI",2024,2,"2024-09-16","PHI","ATL",21,22,"ATL","away"
"2024_02_BUF_MIA",2024,2,"2024-09-12","MIA","BUF",10,31,"BUF","away"
"2024_02_CHI_HOU",2024,2,"2024-09-15","HOU","CHI",19,13,"HOU","home"
"2024_02_CIN_KC",2024,2,"2024-09-15","KC","CIN",26,25,"KC","home"
"2024_02_CLE_JAX",2024,2,"2024-09-15","JAX","CLE",13,18,"CLE","away"
"2024_02_IND_GB",2024,2,"2024-09-15","GB","IND",16,10,"GB","home"
"2024_02_LAC_CAR",2024,2,"2024-09-15","CAR","LAC",3,26,"LAC","away"
"2024_02_LA_ARI",2024,2,"2024-09-15","ARI","LA",41,10,"ARI","home"
"2024_02_LV_BAL",2024,2,"2024-09-15","BAL","LV",23,26,"LV","away"
"2024_02_NO_DAL",2024,2,"2024-09-15","DAL","NO",19,44,"NO","away"
"2024_02_NYG_WAS",2024,2,"2024-09-15","WAS","NYG",21,18,"WAS","home"
"2024_02_NYJ_TEN",2024,2,"2024-09-15","TEN","NYJ",17,24,"NYJ","away"
"2024_02_PIT_DEN",2024,2,"2024-09-15","DEN","PIT",6,13,"PIT","away"
"2024_02_SEA_NE",2024,2,"2024-09-15","NE","SEA",20,23,"SEA","away"
"2024_02_SF_MIN",2024,2,"2024-09-15","MIN","SF",23,17,"MIN","home"
"2024_02_TB_DET",2024,2,"2024-09-15","DET","TB",16,20,"TB","away"
"2024_03_BAL_DAL",2024,3,"2024-09-22","DAL","BAL",25,28,"BAL","away"
"2024_03_CAR_LV",2024,3,"2024-09-22","LV","CAR",22,36,"CAR","away"
"2024_03_CHI_IND",2024,3,"2024-09-22","IND","CHI",21,16,"IND","home"
"2024_03_DEN_TB",2024,3,"2024-09-22","TB","DEN",7,26,"DEN","away"
"2024_03_DET_ARI",2024,3,"2024-09-22","ARI","DET",13,20,"DET","away"
"2024_03_GB_TEN",2024,3,"2024-09-22","TEN","GB",14,30,"GB","away"
"2024_03_HOU_MIN",2024,3,"2024-09-22","MIN","HOU",34,7,"MIN","home"
"2024_03_JAX_BUF",2024,3,"2024-09-23","BUF","JAX",47,10,"BUF","home"
"2024_03_KC_ATL",2024,3,"2024-09-22","ATL","KC",17,22,"KC","away"
"2024_03_LAC_PIT",2024,3,"2024-09-22","PIT","LAC",20,10,"PIT","home"
"2024_03_MIA_SEA",2024,3,"2024-09-22","SEA","MIA",24,3,"SEA","home"
"2024_03_NE_NYJ",2024,3,"2024-09-19","NYJ","NE",24,3,"NYJ","home"
"2024_03_NYG_CLE",2024,3,"2024-09-22","CLE","NYG",15,21,"NYG","away"
"2024_03_PHI_NO",2024,3,"2024-09-22","NO","PHI",12,15,"PHI","away"
"2024_03_SF_LA",2024,3,"2024-09-22","LA","SF",27,24,"LA","home"
"2024_03_WAS_CIN",2024,3,"2024-09-23","CIN","WAS",33,38,"WAS","away"
"2024_04_BUF_BAL",2024,4,"2024-09-29","BAL","BUF",35,10,"BAL","home"
"2024_04_CIN_CAR",2024,4,"2024-09-29","CAR","CIN",24,34,"CIN","away"
"2024_04_CLE_LV",2024,4,"2024-09-29","LV","CLE",20,16,"LV","home"
"2024_04_DAL_NYG",2024,4,"2024-09-26","NYG","DAL",15,20,"DAL","away"
"2024_04_DEN_NYJ",2024,4,"2024-09-29","NYJ","DEN",9,10,"DEN","away"
"2024_04_JAX_HOU",2024,4,"2024-09-29","HOU","JAX",24,20,"HOU","home"
"2024_04_KC_LAC",2024,4,"2024-09-29","LAC","KC",10,17,"KC","away"
"2024_04_LA_CHI",2024,4,"2024-09-29","CHI","LA",24,18,"CHI","home"
"2024_04_MIN_GB",2024,4,"2024-09-29","GB","MIN",29,31,"MIN","away"
"2024_04_NE_SF",2024,4,"2024-09-29","SF","NE",30,13,"SF","home"
"2024_04_NO_ATL",2024,4,"2024-09-29","ATL","NO",26,24,"ATL","home"
"2024_04_PHI_TB",2024,4,"2024-09-29","TB","PHI",33,16,"TB","home"
"2024_04_PIT_IND",2024,4,"2024-09-29","IND","PIT",27,24,"IND","home"
"2024_04_SEA_DET",2024,4,"2024-09-30","DET","SEA",42,29,"DET","home"
"2024_04_TEN_MIA",2024,4,"2024-09-30","MIA","TEN",12,31,"TEN","away"
"2024_04_WAS_ARI",2024,4,"2024-09-29","ARI","WAS",14,42,"WAS","away"
"2024_05_ARI_SF",2024,5,"2024-10-06","SF","ARI",23,24,"ARI","away"
"2024_05_BAL_CIN",2024,5,"2024-10-06","CIN","BAL",38,41,"BAL","away"
"2024_05_BUF_HOU",2024,5,"2024-10-06","HOU","BUF",23,20,"HOU","home"
"2024_05_CAR_CHI",2024,5,"2024-10-06","CHI","CAR",36,10,"CHI","home"
"2024_05_CLE_WAS",2024,5,"2024-10-06","WAS","CLE",34,13,"WAS","home"
"2024_05_DAL_PIT",2024,5,"2024-10-06","PIT","DAL",17,20,"DAL","away"
"2024_05_GB_LA",2024,5,"2024-10-06","LA","GB",19,24,"GB","away"
"2024_05_IND_JAX",2024,5,"2024-10-06","JAX","IND",37,34,"JAX","home"
"2024_05_LV_DEN",2024,5,"2024-10-06","DEN","LV",34,18,"DEN","home"
"2024_05_MIA_NE",2024,5,"2024-10-06","NE","MIA",10,15,"MIA","away"
"2024_05_NO_KC",2024,5,"2024-10-07","KC","NO",26,13,"KC","home"
"2024_05_NYG_SEA",2024,5,"2024-10-06","SEA","NYG",20,29,"NYG","away"
"2024_05_NYJ_MIN",2024,5,"2024-10-06","MIN","NYJ",23,17,"MIN","home"
"2024_05_TB_ATL",2024,5,"2024-10-03","ATL","TB",36,30,"ATL","home"
"2024_06_ARI_GB",2024,6,"2024-10-13","GB","ARI",34,13,"GB","home"
"2024_06_ATL_CAR",2024,6,"2024-10-13","CAR","ATL",20,38,"ATL","away"
"2024_06_BUF_NYJ",2024,6,"2024-10-14","NYJ","BUF",20,23,"BUF","away"
"2024_06_CIN_NYG",2024,6,"2024-10-13","NYG","CIN",7,17,"CIN","away"
"2024_06_CLE_PHI",2024,6,"2024-10-13","PHI","CLE",20,16,"PHI","home"
"2024_06_DET_DAL",2024,6,"2024-10-13","DAL","DET",9,47,"DET","away"
"2024_06_HOU_NE",2024,6,"2024-10-13","NE","HOU",21,41,"HOU","away"
"2024_06_IND_TEN",2024,6,"2024-10-13","TEN","IND",17,20,"IND","away"
"2024_06_JAX_CHI",2024,6,"2024-10-13","CHI","JAX",35,16,"CHI","home"
"2024_06_LAC_DEN",2024,6,"2024-10-13","DEN","LAC",16,23,"LAC","away"
"2024_06_PIT_LV",2024,6,"2024-10-13","LV","PIT",13,32,"PIT","away"
"2024_06_SF_SEA",2024,6,"2024-10-10","SEA","SF",24,36,"SF","away"
"2024_06_TB_NO",2024,6,"2024-10-13","NO","TB",27,51,"TB","away"
"2024_06_WAS_BAL",2024,6,"2024-10-13","BAL","WAS",30,23,"BAL","home"
"2024_07_BAL_TB",2024,7,"2024-10-21","TB","BAL",31,41,"BAL","away"
"2024_07_CAR_WAS",2024,7,"2024-10-20","WAS","CAR",40,7,"WAS","home"
"2024_07_CIN_CLE",2024,7,"2024-10-20","CLE","CIN",14,21,"CIN","away"
"2024_07_DEN_NO",2024,7,"2024-10-17","NO","DEN",10,33,"DEN","away"
"2024_07_DET_MIN",2024,7,"2024-10-20","MIN","DET",29,31,"DET","away"
"2024_07_HOU_GB",2024,7,"2024-10-20","GB","HOU",24,22,"GB","home"
"2024_07_KC_SF",2024,7,"2024-10-20","SF","KC",18,28,"KC","away"
"2024_07_LAC_ARI",2024,7,"2024-10-21","ARI","LAC",17,15,"ARI","home"
"2024_07_LV_LA",2024,7,"2024-10-20","LA","LV",20,15,"LA","home"
"2024_07_MIA_IND",2024,7,"2024-10-20","IND","MIA",16,10,"IND","home"
"2024_07_NE_JAX",2024,7,"2024-10-20","JAX","NE",32,16,"JAX","home"
"2024_07_NYJ_PIT",2024,7,"2024-10-20","PIT","NYJ",37,15,"PIT","home"
"2024_07_PHI_NYG",2024,7,"2024-10-20","NYG","PHI",3,28,"PHI","away"
"2024_07_SEA_ATL",2024,7,"2024-10-20","ATL","SEA",14,34,"SEA","away"
"2024_07_TEN_BUF",2024,7,"2024-10-20","BUF","TEN",34,10,"BUF","home"
"2024_08_ARI_MIA",2024,8,"2024-10-27","MIA","ARI",27,28,"ARI","away"
"2024_08_ATL_TB",2024,8,"2024-10-27","TB","ATL",26,31,"ATL","away"
"2024_08_BAL_CLE",2024,8,"2024-10-27","CLE","BAL",29,24,"CLE","home"
"2024_08_BUF_SEA",2024,8,"2024-10-27","SEA","BUF",10,31,"BUF","away"
"2024_08_CAR_DEN",2024,8,"2024-10-27","DEN","CAR",28,14,"DEN","home"
"2024_08_CHI_WAS",2024,8,"2024-10-27","WAS","CHI",18,15,"WAS","home"
"2024_08_DAL_SF",2024,8,"2024-10-27","SF","DAL",30,24,"SF","home"
"2024_08_GB_JAX",2024,8,"2024-10-27","JAX","GB",27,30,"GB","away"
"2024_08_IND_HOU",2024,8,"2024-10-27","HOU","IND",23,20,"HOU","home"
"2024_08_KC_LV",2024,8,"2024-10-27","LV","KC",20,27,"KC","away"
"2024_08_MIN_LA",2024,8,"2024-10-24","LA","MIN",30,20,"LA","home"
"2024_08_NO_LAC",2024,8,"2024-10-27","LAC","NO",26,8,"LAC","home"
"2024_08_NYG_PIT",2024,8,"2024-10-28","PIT","NYG",26,18,"PIT","home"
"2024_08_NYJ_NE",2024,8,"2024-10-27","NE","NYJ",25,22,"NE","home"
"2024_08_PHI_CIN",2024,8,"2024-10-27","CIN","PHI",17,37,"PHI","away"
"2024_08_TEN_DET",2024,8,"2024-10-27","DET","TEN",52,14,"DET","home"
"2024_09_CHI_ARI",2024,9,"2024-11-03","ARI","CHI",29,9,"ARI","home"
"2024_09_DAL_ATL",2024,9,"2024-11-03","ATL","DAL",27,21,"ATL","home"
"2024_09_DEN_BAL",2024,9,"2024-11-03","BAL","DEN",41,10,"BAL","home"
"2024_09_DET_GB",2024,9,"2024-11-03","GB","DET",14,24,"DET","away"
"2024_09_HOU_NYJ",2024,9,"2024-10-31","NYJ","HOU",21,13,"NYJ","home"
"2024_09_IND_MIN",2024,9,"2024-11-03","MIN","IND",21,13,"MIN","home"
"2024_09_JAX_PHI",2024,9,"2024-11-03","PHI","JAX",28,23,"PHI","home"
"2024_09_LAC_CLE",2024,9,"2024-11-03","CLE","LAC",10,27,"LAC","away"
"2024_09_LA_SEA",2024,9,"2024-11-03","SEA","LA",20,26,"LA","away"
"2024_09_LV_CIN",2024,9,"2024-11-03","CIN","LV",41,24,"CIN","home"
"2024_09_MIA_BUF",2024,9,"2024-11-03","BUF","MIA",30,27,"BUF","home"
"2024_09_NE_TEN",2024,9,"2024-11-03","TEN","NE",20,17,"TEN","home"
"2024_09_NO_CAR",2024,9,"2024-11-03","CAR","NO",23,22,"CAR","home"
"2024_09_TB_KC",2024,9,"2024-11-04","KC","TB",30,24,"KC","home"
"2024_09_WAS_NYG",2024,9,"2024-11-03","NYG","WAS",22,27,"WAS","away"
"2024_10_ATL_NO",2024,10,"2024-11-10","NO","ATL",20,17,"NO","home"
"2024_10_BUF_IND",2024,10,"2024-11-10","IND","BUF",20,30,"BUF","away"
"2024_10_CIN_BAL",2024,10,"2024-11-07","BAL","CIN",35,34,"BAL","home"
"2024_10_DEN_KC",2024,10,"2024-11-10","KC","DEN",16,14,"KC","home"
"2024_10_DET_HOU",2024,10,"2024-11-10","HOU","DET",23,26,"DET","away"
"2024_10_MIA_LA",2024,10,"2024-11-11","LA","MIA",15,23,"MIA","away"
"2024_10_MIN_JAX",2024,10,"2024-11-10","JAX","MIN",7,12,"MIN","away"
"2024_10_NE_CHI",2024,10,"2024-11-10","CHI","NE",3,19,"NE","away"
"2024_10_NYG_CAR",2024,10,"2024-11-10","CAR","NYG",20,17,"CAR","home"
"2024_10_NYJ_ARI",2024,10,"2024-11-10","ARI","NYJ",31,6,"ARI","home"
"2024_10_PHI_DAL",2024,10,"2024-11-10","DAL","PHI",6,34,"PHI","away"
"2024_10_PIT_WAS",2024,10,"2024-11-10","WAS","PIT",27,28,"PIT","away"
"2024_10_SF_TB",2024,10,"2024-11-10","TB","SF",20,23,"SF","away"
"2024_10_TEN_LAC",2024,10,"2024-11-10","LAC","TEN",27,17,"LAC","home"
"2024_11_ATL_DEN",2024,11,"2024-11-17","DEN","ATL",38,6,"DEN","home"
"2024_11_BAL_PIT",2024,11,"2024-11-17","PIT","BAL",18,16,"PIT","home"
"2024_11_CIN_LAC",2024,11,"2024-11-17","LAC","CIN",34,27,"LAC","home"
"2024_11_CLE_NO",2024,11,"2024-11-17","NO","CLE",35,14,"NO","home"
"2024_11_GB_CHI",2024,11,"2024-11-17","CHI","GB",19,20,"GB","away"
"2024_11_HOU_DAL",2024,11,"2024-11-18","DAL","HOU",10,34,"HOU","away"
"2024_11_IND_NYJ",2024,11,"2024-11-17","NYJ","IND",27,28,"IND","away"
"2024_11_JAX_DET",2024,11,"2024-11-17","DET","JAX",52,6,"DET","home"
"2024_11_KC_BUF",2024,11,"2024-11-17","BUF","KC",30,21,"BUF","home"
"2024_11_LA_NE",2024,11,"2024-11-17","NE","LA",22,28,"LA","away"
"2024_11_LV_MIA",2024,11,"2024-11-17","MIA","LV",34,19,"MIA","home"
"2024_11_MIN_TEN",2024,11,"2024-11-17","TEN","MIN",13,23,"MIN","away"
"2024_11_SEA_SF",2024,11,"2024-11-17","SF","SEA",17,20,"SEA","away"
"2024_11_WAS_PHI",2024,11,"2024-11-14","PHI","WAS",26,18,"PHI","home"
"2024_12_ARI_SEA",2024,12,"2024-11-24","SEA","ARI",16,6,"SEA","home"
"2024_12_BAL_LAC",2024,12,"2024-11-25","LAC","BAL",23,30,"BAL","away"
"2024_12_DAL_WAS",2024,12,"2024-11-24","WAS","DAL",26,34,"DAL","away"
"2024_12_DEN_LV",2024,12,"2024-11-24","LV","DEN",19,29,"DEN","away"
"2024_12_DET_IND",2024,12,"2024-11-24","IND","DET",6,24,"DET","away"
"2024_12_KC_CAR",2024,12,"2024-11-24","CAR","KC",27,30,"KC","away"
"2024_12_MIN_CHI",2024,12,"2024-11-24","CHI","MIN",27,30,"MIN","away"
"2024_12_NE_MIA",2024,12,"2024-11-24","MIA","NE",34,15,"MIA","home"
"2024_12_PHI_LA",2024,12,"2024-11-24","LA","PHI",20,37,"PHI","away"
"2024_12_PIT_CLE",2024,12,"2024-11-21","CLE","PIT",24,19,"CLE","home"
"2024_12_SF_GB",2024,12,"2024-11-24","GB","SF",38,10,"GB","home"
"2024_12_TB_NYG",2024,12,"2024-11-24","NYG","TB",7,30,"TB","away"
"2024_12_TEN_HOU",2024,12,"2024-11-24","HOU","TEN",27,32,"TEN","away"
"2024_13_ARI_MIN",2024,13,"2024-12-01","MIN","ARI",23,22,"MIN","home"
"2024_13_CHI_DET",2024,13,"2024-11-28","DET","CHI",23,20,"DET","home"
"2024_13_CLE_DEN",2024,13,"2024-12-02","DEN","CLE",41,32,"DEN","home"
"2024_13_HOU_JAX",2024,13,"2024-12-01","JAX","HOU",20,23,"HOU","away"
"2024_13_IND_NE",2024,13,"2024-12-01","NE","IND",24,25,"IND","away"
"2024_13_LAC_ATL",2024,13,"2024-12-01","ATL","LAC",13,17,"LAC","away"
"2024_13_LA_NO",2024,13,"2024-12-01","NO","LA",14,21,"LA","away"
"2024_13_LV_KC",2024,13,"2024-11-29","KC","LV",19,17,"KC","home"
"2024_13_MIA_GB",2024,13,"2024-11-28","GB","MIA",30,17,"GB","home"
"2024_13_NYG_DAL",2024,13,"2024-11-28","DAL","NYG",27,20,"DAL","home"
"2024_13_PHI_BAL",2024,13,"2024-12-01","BAL","PHI",19,24,"PHI","away"
"2024_13_PIT_CIN",2024,13,"2024-12-01","CIN","PIT",38,44,"PIT","away"
"2024_13_SEA_NYJ",2024,13,"2024-12-01","NYJ","SEA",21,26,"SEA","away"
"2024_13_SF_BUF",2024,13,"2024-12-01","BUF","SF",35,10,"BUF","home"
"2024_13_TB_CAR",2024,13,"2024-12-01","CAR","TB",23,26,"TB","away"
"2024_13_TEN_WAS",2024,13,"2024-12-01","WAS","TEN",42,19,"WAS","home"
"2024_14_ATL_MIN",2024,14,"2024-12-08","MIN","ATL",42,21,"MIN","home"
"2024_14_BUF_LA",2024,14,"2024-12-08","LA","BUF",44,42,"LA","home"
"2024_14_CAR_PHI",2024,14,"2024-12-08","PHI","CAR",22,16,"PHI","home"
"2024_14_CHI_SF",2024,14,"2024-12-08","SF","CHI",38,13,"SF","home"
"2024_14_CIN_DAL",2024,14,"2024-12-09","DAL","CIN",20,27,"CIN","away"
"2024_14_CLE_PIT",2024,14,"2024-12-08","PIT","CLE",27,14,"PIT","home"
"2024_14_GB_DET",2024,14,"2024-12-05","DET","GB",34,31,"DET","home"
"2024_14_JAX_TEN",2024,14,"2024-12-08","TEN","JAX",6,10,"JAX","away"
"2024_14_LAC_KC",2024,14,"2024-12-08","KC","LAC",19,17,"KC","home"
"2024_14_LV_TB",2024,14,"2024-12-08","TB","LV",28,13,"TB","home"
"2024_14_NO_NYG",2024,14,"2024-12-08","NYG","NO",11,14,"NO","away"
"2024_14_NYJ_MIA",2024,14,"2024-12-08","MIA","NYJ",32,26,"MIA","home"
"2024_14_SEA_ARI",2024,14,"2024-12-08","ARI","SEA",18,30,"SEA","away"
"2024_15_ATL_LV",2024,15,"2024-12-16","LV","ATL",9,15,"ATL","away"
"2024_15_BAL_NYG",2024,15,"2024-12-15","NYG","BAL",14,35,"BAL","away"
"2024_15_BUF_DET",2024,15,"2024-12-15","DET","BUF",42,48,"BUF","away"
"2024_15_CHI_MIN",2024,15,"2024-12-16","MIN","CHI",30,12,"MIN","home"
"2024_15_CIN_TEN",2024,15,"2024-12-15","TEN","CIN",27,37,"CIN","away"
"2024_15_DAL_CAR",2024,15,"2024-12-15","CAR","DAL",14,30,"DAL","away"
"2024_15_GB_SEA",2024,15,"2024-12-15","SEA","GB",13,30,"GB","away"
"2024_15_IND_DEN",2024,15,"2024-12-15","DEN","IND",31,13,"DEN","home"
"2024_15_KC_CLE",2024,15,"2024-12-15","CLE","KC",7,21,"KC","away"
"2024_15_LA_SF",2024,15,"2024-12-12","SF","LA",6,12,"LA","away"
"2024_15_MIA_HOU",2024,15,"2024-12-15","HOU","MIA",20,12,"HOU","home"
"2024_15_NE_ARI",2024,15,"2024-12-15","ARI","NE",30,17,"ARI","home"
"2024_15_NYJ_JAX",2024,15,"2024-12-15","JAX","NYJ",25,32,"NYJ","away"
"2024_15_PIT_PHI",2024,15,"2024-12-15","PHI","PIT",27,13,"PHI","home"
"2024_15_TB_LAC",2024,15,"2024-12-15","LAC","TB",17,40,"TB","away"
"2024_15_WAS_NO",2024,15,"2024-12-15","NO","WAS",19,20,"WAS","away"
"2024_16_ARI_CAR",2024,16,"2024-12-22","CAR","ARI",36,30,"CAR","home"
"2024_16_CLE_CIN",2024,16,"2024-12-22","CIN","CLE",24,6,"CIN","home"
"2024_16_DEN_LAC",2024,16,"2024-12-19","LAC","DEN",34,27,"LAC","home"
"2024_16_DET_CHI",2024,16,"2024-12-22","CHI","DET",17,34,"DET","away"
"2024_16_HOU_KC",2024,16,"2024-12-21","KC","HOU",27,19,"KC","home"
"2024_16_JAX_LV",2024,16,"2024-12-22","LV","JAX",19,14,"LV","home"
"2024_16_LA_NYJ",2024,16,"2024-12-22","NYJ","LA",9,19,"LA","away"
"2024_16_MIN_SEA",2024,16,"2024-12-22","SEA","MIN",24,27,"MIN","away"
"2024_16_NE_BUF",2024,16,"2024-12-22","BUF","NE",24,21,"BUF","home"
"2024_16_NO_GB",2024,16,"2024-12-23","GB","NO",34,0,"GB","home"
"2024_16_NYG_ATL",2024,16,"2024-12-22","ATL","NYG",34,7,"ATL","home"
"2024_16_PHI_WAS",2024,16,"2024-12-22","WAS","PHI",36,33,"WAS","home"
"2024_16_PIT_BAL",2024,16,"2024-12-21","BAL","PIT",34,17,"BAL","home"
"2024_16_SF_MIA",2024,16,"2024-12-22","MIA","SF",29,17,"MIA","home"
"2024_16_TB_DAL",2024,16,"2024-12-22","DAL","TB",26,24,"DAL","home"
"2024_16_TEN_IND",2024,16,"2024-12-22","IND","TEN",38,30,"IND","home"
"2024_17_ARI_LA",2024,17,"2024-12-28","LA","ARI",13,9,"LA","home"
"2024_17_ATL_WAS",2024,17,"2024-12-29","WAS","ATL",30,24,"WAS","home"
"2024_17_BAL_HOU",2024,17,"2024-12-25","HOU","BAL",2,31,"BAL","away"
"2024_17_CAR_TB",2024,17,"2024-12-29","TB","CAR",48,14,"TB","home"
"2024_17_DAL_PHI",2024,17,"2024-12-29","PHI","DAL",41,7,"PHI","home"
"2024_17_DEN_CIN",2024,17,"2024-12-28","CIN","DEN",30,24,"CIN","home"
"2024_17_DET_SF",2024,17,"2024-12-30","SF","DET",34,40,"DET","away"
"2024_17_GB_MIN",2024,17,"2024-12-29","MIN","GB",27,25,"MIN","home"
"2024_17_IND_NYG",2024,17,"2024-12-29","NYG","IND",45,33,"NYG","home"
"2024_17_KC_PIT",2024,17,"2024-12-25","PIT","KC",10,29,"KC","away"
"2024_17_LAC_NE",2024,17,"2024-12-28","NE","LAC",7,40,"LAC","away"
"2024_17_LV_NO",2024,17,"2024-12-29","NO","LV",10,25,"LV","away"
"2024_17_MIA_CLE",2024,17,"2024-12-29","CLE","MIA",3,20,"MIA","away"
"2024_17_NYJ_BUF",2024,17,"2024-12-29","BUF","NYJ",40,14,"BUF","home"
"2024_17_SEA_CHI",2024,17,"2024-12-26","CHI","SEA",3,6,"SEA","away"
"2024_17_TEN_JAX",2024,17,"2024-12-29","JAX","TEN",20,13,"JAX","home"
"2024_18_BUF_NE",2024,18,"2025-01-05","NE","BUF",23,16,"NE","home"
"2024_18_CAR_ATL",2024,18,"2025-01-05","ATL","CAR",38,44,"CAR","away"
"2024_18_CHI_GB",2024,18,"2025-01-05","GB","CHI",22,24,"CHI","away"
"2024_18_CIN_PIT",2024,18,"2025-01-04","PIT","CIN",17,19,"CIN","away"
"2024_18_CLE_BAL",2024,18,"2025-01-04","BAL","CLE",35,10,"BAL","home"
"2024_18_HOU_TEN",2024,18,"2025-01-05","TEN","HOU",14,23,"HOU","away"
"2024_18_JAX_IND",2024,18,"2025-01-05","IND","JAX",26,23,"IND","home"
"2024_18_KC_DEN",2024,18,"2025-01-05","DEN","KC",38,0,"DEN","home"
"2024_18_LAC_LV",2024,18,"2025-01-05","LV","LAC",20,34,"LAC","away"
"2024_18_MIA_NYJ",2024,18,"2025-01-05","NYJ","MIA",32,20,"NYJ","home"
"2024_18_MIN_DET",2024,18,"2025-01-05","DET","MIN",31,9,"DET","home"
"2024_18_NO_TB",2024,18,"2025-01-05","TB","NO",27,19,"TB","home"
"2024_18_NYG_PHI",2024,18,"2025-01-05","PHI","NYG",20,13,"PHI","home"
"2024_18_SEA_LA",2024,18,"2025-01-05","LA","SEA",25,30,"SEA","away"
"2024_18_SF_ARI",2024,18,"2025-01-05","ARI","SF",47,24,"ARI","home"
"2024_18_WAS_DAL",2024,18,"2025-01-05","DAL","WAS",19,23,"WAS","away"
"2024_19_DEN_BUF",2024,19,"2025-01-12","BUF","DEN",31,7,"BUF","home"
"2024_19_GB_PHI",2024,19,"2025-01-12","PHI","GB",22,10,"PHI","home"
"2024_19_LAC_HOU",2024,19,"2025-01-11","HOU","LAC",32,12,"HOU","home"
"2024_19_MIN_LA",2024,19,"2025-01-13","LA","MIN",27,9,"LA","home"
"2024_19_PIT_BAL",2024,19,"2025-01-11","BAL","PIT",28,14,"BAL","home"
"2024_19_WAS_TB",2024,19,"2025-01-12","TB","WAS",20,23,"WAS","away"
"2024_20_BAL_BUF",2024,20,"2025-01-19","BUF","BAL",27,25,"BUF","home"
"2024_20_HOU_KC",2024,20,"2025-01-18","KC","HOU",23,14,"KC","home"
"2024_20_LA_PHI",2024,20,"2025-01-19","PHI","LA",28,22,"PHI","home"
"2024_20_WAS_DET",2024,20,"2025-01-18","DET","WAS",31,45,"WAS","away"
"2024_21_BUF_KC",2024,21,"2025-01-26","KC","BUF",32,29,"KC","home"
"2024_21_WAS_PHI",2024,21,"2025-01-26","PHI","WAS",55,23,"PHI","home"
"2024_22_KC_PHI",2024,22,"2025-02-09","PHI","KC",40,22,"PHI","home"
